2024-autumn-baby-romper-solid-color-bear-jumpsuit-cotton-spring-newborn-one-pieces-clothing-for-boys-girls-infant-onesie-0-18m,אוברול לתינוקות דגם סטייסי,accessories,—
2pcs-babys-little-brother-print-color-clash-sweatshirt-casual-pants-toddler-infant-boys-clothing-set,חליפה לבנים דגם אימרי,accessories,—
0-to-18-months-baby-girl-boy-sweater-romper-autumn-winter-clothes-striped-crew-neck-long-sleeve-full-length-jumpsuit,Alure™ Baby,clothing,בגדי חורף | בגדי תינוקות
toddler-baby-boys-clothes-fall-outfit-striped-crew-neck-long-sleeve-sweatshirt-pants-2pcs-set-for-1-3y-casual-daily-clothes,Lino™ – סט סריג רך לתינוקות בעיצוב אירופאי,clothing,בגדי חורף | בגדי תינוקות
3-24-months-newborn-baby-boy-winter-clothing-set-lattice-plush-long-sleeved-hooded-jumpsuit-fashion-cute-romper-warm-daily-wear,LumiBear™ חליפת פרמיום לחורף,clothing,בגדי חורף | בגדי תינוקות
summer-unisex-newborn-baby-clothes-solid-color-baby-rompers-cotton-long-sleeve-toddler-romper-infant-clothing-3-18-months,LUMI™  – אוברול נוחות יוקרתי לתינוקות,clothing,בגדי חורף | בגדי תינוקות
ma-baby-0-18m-baby-girl-clothes-sets-newborn-infant-toddler-knit-jumpsuit-floral-print-shorts-headband-outfits-summer-clothing,Veloura Baby™ חליפה פרחונית,clothing,Summer 2025 | בגדי בנות
newborn-baby-winter-jacket-warm-hooded-infant-romper-thicken-soft-cotton-boys-jumpsuit-cartoon-baby-girl-clothes-0-to-12-months,WarmNest™– אוברול חורף מחבק לתינוקות,clothing,בגדי בנות | בגדי בנים | בגדי תינוקות | מארזי מתנה | בגדי חורף
babys-casual-leopard-pattern-long-sleeve-romper-hairband-toddler-infant-girls-bodysuit,אוברול Leopard Cozy,clothing,בגדי תינוקות | בגדי חורף | בגדי בנות
אוברול-כותנה-אמירוש,אוברול אלגנט דגם עומרי,clothing,Summer 2025 | בגדי תינוקות | בגדי בנות | בגדי בנים
אוברול-ארוך,אוברול ארוך,clothing,בגדי תינוקות | בגדי בנות | בגדי בנים
אוברול-ארוך-עם-רוכסן,אוברול ארוך עם רוכסן,clothing,Home page | בגדי תינוקות | בגדי בנות | בגדי בנים
babys-little-lion-print-casual-long-sleeve-romper-hat-baby-mittens-toddler-infant-boys-bodysuit,אוברול אריה חמוד דגם שמר,clothing,בגדי בנים | בגדי חורף | בגדי תינוקות
newborn-babys-cartoon-lion-pattern-long-sleeve-footie-toddler-infant-boys-comfy-footed-outdoor-romper,אוברול אריה מתוק דגם שמר,clothing,בגדי בנים | בגדי תינוקות
baby-bear-cozy-set,אוברול בייבי  לתינוק – Baby Bear Cozy Set,clothing,בגדי בנים | בגדי חורף | בגדי תינוקות
autumn-baby-clothes-bodysuit-one-pieces-boys-girls-newborn-rompers-solid-color-100-cotton-0-24m-long-sleeve-loungewear-outfit,אוברול בייבי מניה דגם חן,clothing,בגדי חורף | בגדי תינוקות
אוברול-בייבי-מניה-דגם-חן-מתנה,אוברול בייבי מניה דגם חן,clothing,—
baby-summer-clothing-denim-rompers-toddler-newborn-baby-boys-girls-sleeveless-button-pocket-rompers-jumpsuits-casual-outfits,אוברול ג'ינס מתוק מבית בייבי מניה דגם זוהר,clothing,בגדי תינוקות | Summer 2025
summer-essential-lightweight-romper-for-baby-girls-casual-machine-washable-perfect-for-outdoor,אוברול גינס מהמם דגם רוית,clothing,בגדי בנות | Summer 2025
babys-stylish-ruffled-ripped-denim-long-sleeve-belted-romper-toddler-infant-girls-button-down-bodysuit-for-spring-fall-outdoor-wear,אוברול ג׳ינס דגם אתי,clothing,בגדי בנות | בגדי חורף | בגדי תינוקות
diimuu-baby-children-boys-clothes-rompers-toddler-kids-overalls-denim-pants-casual-jumpsuits-long-sleeve-fashion-trousers,אוברול ג’ינס יוניסקס לתינוקות דגם שלו,clothing,Summer 2025 | בגדי בנות | בגדי בנים | בגדי תינוקות | בגדי חורף
round-neck-cute-bear-graphic-toddler-baby-long-sleeve-bodysuit-boys-onesie-suitable-for-indoor-and-outdoor-wear,אוברול דוב מתוק דגם אייל,clothing,בגדי חורף | בגדי בנים | בגדי תינוקות
אוברול-דובונים-ליאור,אוברול דובונים מכותנה - ליאור,clothing,Summer 2025
2-picec-baby-four-seasons-tie-feet-bodysuit-for-boys-little-bear-creative-baby-cute-bodysuit-made-of-pure-cotton-soft-comforta,אוברול דובי אם רגלית דגם אוריאל,clothing,בגדי תינוקות | בגדי בנים | בגדי חורף
0-18m-cute-baby-girls-boys-rompers-infant-clothes-bear-print-crew-neck-long-sleeve-toddler-fall-bodysuits-jumpsuits-with-hat,אוברול דובי דגם דניאל,clothing,בגדי חורף | בגדי תינוקות | בגדי בנים
1pc-cute-summer-striped-romper-for-baby-girl-v-neck-short-sleeve-adjustable-strap-dress-with-bow-detail-lightweight-breathable-fabric-perfect-for-outdoor-play-parties-and-casual-outings-casual-baby-clothes-playfu,אוברול חגיגי דגם אנה,clothing,בגדי בנות | Summer 2025
aynigiell-0-12m-cartoon-newborn-bodysuit-warm-romperssoft-newborn-baby-clothes-flannel-autumn-winter-baby-boys-girls-jumpsuit,אוברול חורפי לתינוקות דגם אנגל,clothing,בגדי חורף | בגדי תינוקות
אוברול-פשתן-נועה,אוברול כותנה קיצי - נועה,clothing,Summer 2025
babys-cartoon-heart-full-print-ruffle-decor-ribbed-long-sleeve-cotton-romper-toddler-infant-girls-bodysuit-hairband-suitable-for-fall-winter-outdoor-activities,אוברול לבבות דגם הילה,clothing,בגדי חורף | בגדי תינוקות | בגדי בנות
אוברול-מכופתרת,אוברול מכופתרת,clothing,בגדי תינוקות | בגדי בנים
אוברול-מתוק-מכותנה-מלאה-ללא-כתפיות-נויה,אוברול מתוק מכותנה מלאה ללא כתפיות - נויה,clothing,Summer 2025
אוברול-סרבל-ארוך,אוברול סרבל ארוך,clothing,בגדי תינוקות | בגדי בנות | בגדי בנים
newborn-baby-girls-zipper-decor-ribbed-jumpsuit-headscarf-set-for-indoor-and-outdoor-wear,אוברול סריג מתוק לתינוקות דגם שוהם,clothing,בגדי תינוקות | בגדי חורף | בגדי בנות
infant-baby-girls-boys-romper-stripe-waffle-cotton-long-sleeve-newborn-baby-jumpsuit-one-piece-outfit-spring-autumn-baby-clothes,אוברול סריג פסים דגם רפאל,clothing,בגדי תינוקות | בגדי בנים | בגדי חורף
newborn-babys-cartoon-elephant-stripe-pattern-long-sleeve-footie-hat-toddler-infant-girls-comfy-footed-romper-for-spring-fall,אוברול פיל מתוק דגם נאיה,clothing,בגדי בנות | בגדי תינוקות
newborn-baby-allover-print-cute-elephant-one-piece-outdoor-romper-bodysuit-hat-set-suitable-for-outdoor-wear,אוברול פיל פסים דגם ליאו,clothing,בגדי בנים | בגדי תינוקות
cute-cartoon-penguin-cotton-baby-long-sleeve-footed-jumpsuit,אוברול פינגווין דגם נועם,clothing,בגדי תינוקות | בגדי בנים
overol-dubi-tinok,אוברול פליז דובי לתינוק – Teddy Cozy Suit,clothing,בגדי חורף | בגדי תינוקות
אוברול-וינטג-קייגו,אוברול פשתן וכותנה וינטג׳ - קייגו,clothing,Summer 2025
cartoon-baby-clothes-boy-romper-long-sleeve-arctic-velvet-hooded-baby-girl-romper-winter-warm-newborn-clothes-0-18-months,"אוברול קטיפתי לתינוק – חמימות, נוחות וסטייל לחורף",clothing,בגדי חורף | בגדי תינוקות
newborn-clothes-cute-cartoon-patchwork-teddy-bear-comfortable-and-soft-summer-boys-and-girls-0-18-short-sleeved-baby-jumpsuit,אוברול קיץ לתינוקות בעיצוב דובי דגם שי,clothing,Summer 2025 | בגדי בנים | בגדי תינוקות
אוברול-קיצי-מתוק-סטייל-קזואל-יואבי,אוברול קיצי מתוק סטייל קז'ואל - יואבי,clothing,Summer 2025
בגד-גוף-אלגנטי-מייקל,בגד גוף אלגנטי - מייקל,clothing,Summer 2025 | בגדי תינוקות | בגדי בנים
בגד-גוף-כותנה-טטרה-פריחת-האביב,בגד גוף כותנה טטרה - פריחת האביב,clothing,Summer 2025
בגד-גוף-כיווצים-גאיה,בגד גוף כיווצים - גאיה,clothing,Summer 2025 | בגדי תינוקות | בגדי בנות
בגד-גוף-כיווצים-נטלי,בגד גוף כיווצים אלגנטי - נטלי,clothing,Summer 2025
בגד-גוף-מלמלות-קיטי,בגד גוף מלמלות - קיטי,clothing,Summer 2025
בגד-גוף-מלמלות-וכיווצים-שיילי,בגד גוף מלמלות וכיווצים פרחוני - שיילי,clothing,Summer 2025 | בגדי תינוקות | בגדי בנות
kawaii-winnie-the-pooh-bear-and-bee-print-baby-girl-clothes-short-sleeve-baby-bodysuit-cotton-romper-newborn-baby-summer-clothes,בגד גוף פו הדוב דגם לירון,clothing,בגדי תינוקות | Summer 2025
בגד-גוף-פליז,בגד גוף פליז,clothing,בגדי תינוקות | בגדי בנות | בגדי בנים
בגד-גוף-פליז-שרוולים-ארוכים-ופונפונים,בגד גוף פליז שרוולים ארוכים ופונפונים,clothing,בגדי תינוקות | בגדי בנות | בגדי בנים
בגד-גוף-פסים-ריף,בגד גוף פסים אלגנטי - ריף,clothing,Summer 2025 | בגדי תינוקות | בגדי בנים
בגד-גוף-קיצי-נוח-ואוורירי-כולל-כובע-מתוק-גוני,"בגד גוף קיצי נוח ואוורירי, כולל כובע מתוק - ג'וני",clothing,Summer 2025 | בגדי תינוקות | בגדי בנות | בגדי בנים
בגד-גוף-שמלה-גי-נס-הרפר,בגד גוף שמלה ג׳ינס מכותנה - הרפר,clothing,Summer 2025
patpat-valentines-day-hyper-tactile-cute-bow-baby-girl-swimsuit-set,בגד ים לבבות דגם מאיה,clothing,בגדי בנות | Summer 2025
בגד-ים-פרחוני-לייה,בגד ים פרחוני - לייה,clothing,Summer 2025
בגד-ים-שתיי-חלקים-מרין,בגד ים שני חלקים - יסמין,clothing,Summer 2025
בגד-ים-שתיי-חלקים-קוקומלון,בגד ים שני חלקים פרחוני - קוקומלון,clothing,Summer 2025
summer-t-shirt-girls-short-sleeved-bottom-shirt-solid-color-tops-fashion-casual-baby-girl-tshirts-children-clothing-breathable,חולצה קיצית אלגנטית לבנות,clothing,בגדי תינוקות | בגדי בנות
חולצת-קזואל-שרוול-ארוך,חולצת קז'ואל שרוול ארוך,clothing,בגדי תינוקות | בגדי בנות | בגדי בנים
children-fashion-cartoon-outfit-girls-bear-double-sided-cute-velvet-padded-three-piece-winter-new-boys-warm-casual-hooded-suit,חליפה 3 חלקים מבית בייבי מניה דגם אריאל,clothing,בגדי בנים | בגדי חורף
2pcs-infants-bear-embroidered-long-sleeve-set-waffle-textured-bodysuit-casual-pants-baby-boys-clothes-outdoor-cloth,חליפה דוב מופתע דגם ליאל,clothing,בגדי בנים | בגדי חורף | בגדי תינוקות
adorable-bear-print-zip-up-sweatshirt-joggers-set-for-boys-cozy-polyester-blend-machine-washable-perfect-for-fall-winter-perfect-for-outdoor,חליפה דוב מקסימה דגם אריאל,clothing,בגדי חורף | בגדי תינוקות | בגדי בנים
baby-boys-cute-bear-embroidery-sweatshirt-and-matching-sweatpants-2pcs-infants-casual-comfortable-fall-winter-outfit-outdoor-cloth,חליפה מהממת רקמת דובי חמוד דגם אלי,clothing,בגדי בנים | בגדי חורף | בגדי תינוקות
adorable-3pcs-outfit-for-baby-girls-romper-ruffle-sleeve-bodysuit-cartoon-print-pants-headband-set,חליפה מכנס וחולצה לבנות דגם אנה,clothing,בגדי בנות | בגדי חורף | בגדי תינוקות
spring-and-autumn-newborn-girls-bodysuit-baby-climbing-clothes-long-sleeve-bow-beam-waist-flying-sleeve-personality-leopard-print-fabric-stretchy-soft-comfortable-clothes,חליפה מנומר עם פפיון דגם נמרה,clothing,בגדי חורף | בגדי בנות | בגדי תינוקות
חליפת-כותנה-פרחונית-מאיה,חליפה מסוגננת פרחונית - מיקה,clothing,Summer 2025
2pcs-boys-summer-fashion-trendy-street-style-random-print-short-sleeve-shirt-and-elastic-waist-shorts-set-for-commuting-school-casual-vacation-sports-spring-summer-youngsters-outfit-boys-shirts-youngsterss-shorts,חליפה מעוצבת סטייל שובב דגם ליאם,clothing,בגדי בנים | Summer 2025
pudcoco-newborn-infant-baby-girl-clothes-ruffle-long-sleeve-romper-solid-knit-ribbed-bodysuit-jumpsuit-coming-home-outfit-0-6m,חליפה סרוגה לתינוק,clothing,בגדי בנות
childrens-clothing-suit-boy-girl-baby-autumn-winter-new-plus-velvet-thickening-cartoon-bear-hooded-three-piece-baby-suit0-4-y-1,"חליפה קטיפתית לתינוק – חמימות, נוחות וסטייל בשלושה חלקים",clothing,בגדי בנות | בגדי בנים | בגדי חורף | Home page
חליפת-קיץ-פרחונית-לתינוקות-היילי-baby-mania,חליפה קיצית פרחונית - היילי,clothing,Summer 2025 | בגדי תינוקות | בגדי בנות
summer-new-baby-girls-clothes-set-short-tops-shorts-2pcs-kids-girl-clothing-suit-3-12-years-children-outfits-kinder-kleidung,חליפה קלאסית ואופנתית לבנות,clothing,בגדי תינוקות | בגדי בנות | Summer 2025
infant-boys-3-piece-set-cute-cartoon-lion-embroidery-polyester-hoodie-vest-and-pants-long-sleeve-regular-fit-knit-fabric-for-autumn-winter-for-outdoor,חליפת 3 חלקים אריה מתוקה אם ווסט פרוותי דגם חן,clothing,בגדי תינוקות | בגדי חורף | בגדי בנים
boys-plaid-color-block-fashion-suit-perfect-for-outdoor,חליפת אביב יוקרתית דגם  דין,clothing,Summer 2025 | בגדי בנים | Home page
autumn-and-winter-baby-boy-cute-fashion-sports-style-a-line-embroidery-design-long-sleeved-round-neck-top-and-pants-set,חליפת אלופים מהממת דגם שון  מבית בייבי מניה,clothing,בגדי חורף | בגדי בנים
חליפת-גופייה-פרחונית-מאיה,חליפת גופייה פרחונית - מאיה,clothing,Summer 2025
חליפת-ג-ינס-וחמניות-גיילוס,חליפת ג׳ינס וחמניות- גיילוס,clothing,בגדי תינוקות | בגדי בנים | בגדי בנות | Summer 2025
copy-of-חליפת-דוב-סוודר-כותנה-דגם-רותם,חליפת דוב  סוודר כותנה  - דגם דנה,clothing,בגדי תינוקות | בגדי בנים | בגדי בנות
copy-of-חליפת-דוב-סוודר-כותנה-דגם-דניאל,חליפת דוב  סוודר כותנה  - דגם רותם,clothing,בגדי תינוקות | בגדי בנות | בגדי בנים
0-9-months-baby-boy-set-little-bear-long-sleeve-bodysuit-pants-hat-socks-4pcs-set-baby-spring-autumn-clothing-newborn-set,חליפת דובי  מלאה בסטייל דגם מאור,clothing,בגדי תינוקות | Summer 2025 | בגדי חורף
2pcs-baby-boys-casual-cute-warm-fleece-outfits-bear-pattern-round-neck-long-sleeve-sweatshirt-bear-print-pants-outdoor-set-for-autumn-and-winter,חליפת דובי דגם נתן,clothing,בגדי חורף | בגדי בנים | בגדי תינוקות
2pcs-babys-cute-bears-print-hooded-set-hoodie-pants-baby-boys-clothing-as-gift,חליפת דובים דגם אוריאל,clothing,בגדי תינוקות | בגדי חורף | בגדי בנים
חליפת-וופל-במגוון-צבעים,חליפת וופל במגוון צבעים,clothing,בגדי תינוקות | בגדי בנים | בגדי בנות
baby-girls-casual-plain-color-puff-sleeve-belted-romper-jumpsuit-for-summer-outdoor-play,חליפת חג פרחונית דגם סמדר,clothing,בגדי בנות | Summer 2025
solid-color-newborn-baby-boy-clothes-long-sleeve-hooded-zipper-baby-clothes-girls-footies-winter-warm-infant-clothing-3-24months,חליפת חורף לתינוקת עם כובע דגם שון,clothing,בגדי חורף | בגדי תינוקות
חליפת-מכנצאית-תחרה-אלגנטית-קארין,חליפת חצאית תחרה אלגנטית - קארין,clothing,Summer 2025 | בגדי בנות
חליפת-טטרה-קיצית-עידודו,חליפת טטרה קיצית מכותנה - עידודו,clothing,Summer 2025 | בגדי תינוקות | בגדי בנים
pudcoco-toddler-girl-summer-outfit-solid-color-ribbed-sleeveless-tank-tops-and-pleated-skirts-with-belt-2pcs-clothes-set-6m-5t,חליפת טניס קיצית לבנות,clothing,בגדי תינוקות | בגדי בנות | Summer 2025
חליפת-כותנה-וופל-בשילוב-דובי-בנים-בנות,"חליפת כותנה וופל בשילוב דובי - בנים, בנות",clothing,Summer 2025 | בגדי תינוקות | בגדי בנות | בגדי בנים
חליפת-פשתן-בייבילו,חליפת כותנה ופשתן - בייבילו,clothing,Summer 2025
חליפת-כותנה-משובצת-נטע,חליפת כותנה משובצת - נטע,clothing,Summer 2025
חליפת-כותנה-סרוגה-בייסיק-אדריאן,חליפת כותנה סרוגה בייסיק - אדריאן,clothing,Summer 2025
חליפת-כותנה-קזואל-מאורי-1,חליפת כותנה קז'ואל - מאורי,clothing,Summer 2025
חליפת-מלמלות-טטרה-אלכסה,חליפת מלמלות טטרה- אלכסה,clothing,Summer 2025
חליפת-פשתן-מלמלות-מיילי,חליפת מלמלות מכותנה ופשתן - מיילי,clothing,Summer 2025
summer-children-boy-clothes-kid-lapel-t-shirts-and-shorts-set-patchwork-v-neck-top-bottom-2-pieces-suit-fashion-tracksuits,חליפת ספורט-אלגנט לילד,clothing,בגדי תינוקות | בגדי בנים
חליפת-סריג-כותנה-אלגנטית-מייגן,חליפת סריג אלגנטית - מייגן,clothing,Summer 2025 | בגדי תינוקות | בגדי בנות
6536c-brother-sister-clothes-girl-striped-polo-dress-or-boys-suit-summer-hot-sale-knitted-striped-suit-girls-dress,חליפת פולו קצרה סרוגה לתינוקות,clothing,בגדי תינוקות | בגדי בנות | בגדי בנים
baby-boy-long-sleeved-triangle-romper-sharp-cartoon-graphic-pants-hat-three-piece-set,חליפת פיל דגם אימרי,clothing,בגדי בנות | בגדי בנים | בגדי חורף | בגדי תינוקות
childrens-pajama-sets-bear-tops-pants-2pcs-kids-pajamas-winter-girl-clothing-sets-2-to-6years-children-clothes-boys-sleepwear,חליפת פליז דגם שרון,clothing,בגדי בנות | בגדי בנים
summer-short-sleeved-baby-rompers-0-2y-striped-onesies-for-newborn-baby-boy-infant-girl-moon-printed-jumpsuit-baby-clothing,חליפת פסים מהפנטת דגם ריף,clothing,בגדי תינוקות | Summer 2025
חליפת-פפיו-אלין,חליפת פפיון - אלין,clothing,Summer 2025 | בגדי תינוקות | בגדי בנות
חליפת-פפיון-קיצית-קרן,חליפת פפיון קיצית - קרן,clothing,Summer 2025
toddler-baby-girls-knitted-tracksuits-casual-autumn-winter-lapel-button-long-sleeved-jacket-pants-children-plush-outwear-set,חליפת פרווה סטייל לבנות,clothing,בגדי תינוקות | בגדי בנות
cotton-linen-casual-toddler-baby-boys-summer-outfits-solid-short-sleeve-pocket-button-down-lapel-shirt-shorts-2pcs-clothes-set,חליפת פשתן לתינוק,clothing,בגדי תינוקות | בגדי בנים | בגדי בנות | Summer 2025
חליפת-פשתן-מלמלות-קיילי,חליפת פשתן מלמלות - קיילי,clothing,Summer 2025
2pcs-babys-cartoon-koala-print-hooded-raglan-sleeve-bodysuit-casual-pants-toddler-infant-boys-clothing-set-for-spring-fall-outdoor-cloth,חליפת קואלה דגם ליאל,clothing,בגדי בנים | בגדי תינוקות
2pcs-babys-cartoon-koala-print-long-sleeve-bodysuit-hat-casual-pants-toddler-infant-girls-clothing-set-for-spring-fall-outdoor,חליפת קואלה דגם שני,clothing,בגדי חורף | בגדי תינוקות | בגדי בנות
2pcs-boys-casual-coconut-tree-graphic-print-versatile-short-sleeve-t-shirt-shorts-set-cool-lightweight-and-comfy-summer-clothes-for-daily-outdoor-wear,חליפת קיץ מהפנטת דגם עומרי,clothing,Summer 2025 | בגדי בנים
korean-style-children-clothing-set-short-sleeved-cotton-printed-t-shirt-shorts-newborn-baby-girls-clothing-suit-for-summer,חליפת קיץ מושלמת דגם רונה,clothing,בגדי בנות | בגדי תינוקות | Summer 2025
חליפת-קיץ-1977,חליפת קיץ מכותנה - 1977,clothing,Summer 2025 | בגדי תינוקות | בגדי בנים | בגדי בנות
חליפת-תחרה-פרחונית-מורן,חליפת קיץ פרחונית לתינוקות – מורן,clothing,Summer 2025 | בגדי תינוקות | בגדי בנות
newest-fashion-summer-toddler-baby-girl-clothes-off-shoulder-ruffle-sling-crop-tops-short-pants-2pcs-outfits-clothes,חליפת קרופ לקיץ,clothing,בגדי תינוקות | בגדי בנות | Summer 2025
infant-boys-3-piece-set-with-cartoon-elephant-embroidery-casual-polyester-hooded-vest-long-sleeve-sweatshirt-and-loose-pants-with-rib-knit-details-for-fall-winter-100-polyester-fleece-warmth-for-outdoor,חליפת שלוש חלקים פיל דגם אימרי,clothing,בגדי בנים | בגדי תינוקות
חליפת-תחרה-אלינויה,חליפת תחרה אלגנטית - אלינויה,clothing,Summer 2025 | בגדי תינוקות | בגדי בנות
2pcs-newborn-bodysuit-headband-0-24months-cotton-baby-girl-jumpsuit-sets-solid-color-baby-girl-clothes-short-sleeve-summer-bebes,יחידת בגד גוף עם סרט לשיער לתינוק,clothing,בגדי תינוקות | בגדי בנות | Summer 2025
2024-winter-kids-baby-corduroy-trousers-pant-fashion-girls-pants-children-boys-kids-full-length-pants-infant-clothing,מכנסי קורדרוי אופנתיים לתינוקות,clothing,בגדי תינוקות | בגדי בנים | בגדי בנות
2024-new-fashion-children-wide-leg-pants-summer-casual-thin-chiffon-cropped-trousers-for-teenager-girls-clothes-2-4-6-8-10-years,מכנסיים מתרחבים אלגנטיים לבנות,clothing,בגדי תינוקות | בגדי בנות
baby-girls-coats-jackets-casual-fashion-girls-windbreaker-for-infant-cotton-trench-outerwear-long-sleeve-baby-girls-clothing,מעיל אופנתי לבנות – דגם שיראל,clothing,בגדי חורף | בגדי בנות
fashion-baby-girl-boy-winter-jacket-thick-lamb-wool-infant-toddler-child-warm-sheep-like-coat-baby-outwear-cotton-1-8y,מעיל חורף צמר דגם שנאל,clothing,בגדי בנות | Home page | בגדי חורף
babys-pockets-patched-warm-fuzzy-lining-corduroy-jacket-button-front-turndown-collar-coat-baby-boys-clothing-for-fall-winter-outdoor,מעיל קורדרוי מחמם מאוד דגם אליה,clothing,בגדי חורף | בגדי בנים
folding-baby-bathtub-real-time-temperature-silicone-baby-take-a-bath-non-slip-bath-bucket-bathroom-basket-tub-banera-de-bebe,מעמד לאמבטיה מתקפל,clothing,לידה ואביזרים נלווים | המיוחדים שלנו
nordic-rabbit-bear-shaped-mirror-cartoon-acrylic-mirrors-desktop-ornaments-baby-children-room-decoration-home-decor-photo-props,מראה בצורת חיות לחדר התינוק,clothing,עיצוב וטקסטיל לחדרי ילדים
0-7t-toddler-kid-baby-boy-girl-winter-clothes-newborn-baby-sweater-infant-knit-pullover-top-casual-basic-top-knitwear-outfit,סוודר סרוג לתינוקות וילדים דגם שילה,clothing,בגדי חורף | בגדי תינוקות
girls-solid-color-strap-tank-top-printed-bow-shorts-summer-outing-casual-fashion-one-piece,סט  קיץ לבנות דגם אודיה,clothing,בגדי בנות | Summer 2025
3pcs-babys-cartoon-bunny-print-zip-up-footed-bodysuit-casual-long-sleeve-romper-toddler-infant-girls-outdoor-onesie-for-spring-fall-as-gift,סט 3 אוברולים ארנב דגם  שני,clothing,בגדי חורף | בגדי בנות | בגדי תינוקות
סט-מכנס-וחולצה-קיצי-דגם-גילי-מתנהcopy,סט Breeze™ – חולצה קצרה ומכנסי קיץ לפעוטות,clothing,בגדי בנים | Summer 2025
חליפת-חורף-שני-חלקים-קשת-שמש,סט Solé™,clothing,בגדי תינוקות | בגדי בנים | בגדי חורף
2024new-summer-girls-clothing-set-2pcs-tracksuit-children-cotton-suit-kids-cartoon-outfits-short-sleeve-baby-girls-clothes-sets,סט אבטיח לקיץ דגם אביבית,clothing,בגדי תינוקות | בגדי בנות | Summer 2025
quality-summer-baby-boys-clothes-sets-toddlers-childrens-denim-overalls-short-t-shirt-cute,סט אוברול וחולצה דגם קובי,clothing,בגדי תינוקות | בגדי בנים | Summer 2025
top-rated-3pcs-set-cute-lion-pattern-fashionable-and-comfortable-footed-romper-three-dimensional-ears-hat-and-drool-towel-perfect-for-outdoor,סט אוברול עם כובע וסינר אריה דגם שמר,clothing,בגדי בנים | בגדי חורף | בגדי תינוקות
2pcs-fashion-children-short-sleeve-shorts-sets-summer-kids-clothes-boys-baby-cotton-tee-pant-outfits-black-and-white-stripe,סט אופנתי קצר לתינוק,clothing,בגדי תינוקות | בגדי בנים | Summer 2025
girls-summer-clothing-suit-children-short-sleeved-polo-shirt-wide-leg-pants-2pcs-sets-baby-loungewear-fashion-pit-stripe-outfits,סט אלגנטי דגם מעיין,clothing,בגדי תינוקות | בגדי בנות | Summer 2025
summer-baby-boys-spiderman-short-sleeve-t-shirt-jeans-sets-clothes-kids-fashion-clothing-outfits-children-fashion-sports-suits,סט בגדי ילדים ספיידרמן  -דגם אימרי,clothing,Summer 2025 | בגדי בנים
copy-of-חליפת-אוברול-קיץ-לתינוק,סט בגדי תינוקות  בנות,clothing,בגדי תינוקות | בגדי בנים | בגדי בנות
baby-girl-summer-clothing-sets-baby-girls-clothes-denim-shirt-top-tutu-skirts-headband-3pcs-outfits-sets-0-5t,סט בגדי תינוקות גינס ושמלה דגם טליה,clothing,בגדי בנות | Summer 2025 | בגדי תינוקות
2pcs-baby-boys-girls-all-seasons-long-sleeve-top-suspenders-pants-suit-clothes-stes-for-newborn-daily-wear-clothing,סט בגדים לתינוקות – חולצה ארוכה + אוברול גינס,clothing,בגדי חורף | בגדי בנים | בגדי בנות | בגדי תינוקות
autumn-and-winter-new-youngsters-white-ruffle-long-sleeve-daisy-floral-trousers-two-piece-set-of-girls-youngsterss-clothes-perfect-for-outdoor,סט בייסיק לתינוקות דגם  לירון,clothing,בגדי בנים | Summer 2025
2pcs-summer-vintage-baby-outfits-girl-soft-cotton-linen-suit-todder-kid-sleeveless-blouse-falbala-shorts-children-clothes-3t,סט בסגנון וינטג' אלגנטי לתינוקת,clothing,בגדי תינוקות | בגדי בנות
summer-new-mid-size-childrens-fashion-denim-set-with-single-breasted-sling-top-straight-leg-pants-kids-girls-clothes-suit-4-13,סט ג'ינס אופנתי לבנות,clothing,—
ruewey-3-months-to-3-years-baby-boy-pants-sets-spring-autumn-clothes-denim-long-sleeve-hoodie-with-elastic-waist-sweatpants,סט גי'נס מושלם דגם נחמן,clothing,בגדי תינוקות | בגדי חורף | בגדי בנים
2023-new-winter-baby-boy-girl-thicken-pajamas-set-flannel-fleece-toddler-child-warm-catoon-sleepwear-kids-home-suit-0-5y,סט דובי פליז מחמם דגם נאור,clothing,בגדי בנים | בגדי בנות | בגדי חורף
new-summer-shorts-for-baby-girls-featuring-a-bright-color-design-with-a-v-neck-one-sided-button-and-a-belt-perfect-for-casual-outings-for-outdoor,סט חגיגי לקיץ דגם שירה,clothing,בגדי בנות | Summer 2025
2pcs-kids-sets-2022-summer-girl-clothes-children-hollow-lace-sleeveless-tops-shorts-set-fashion-baby-girl-cardigan-fake-two-suit,סט חגיגי לתינוקת,clothing,בגדי תינוקות | בגדי בנות | Summer 2025
girls-cartoon-fantasy-creature-print-long-sleeve-top-and-cute-print-long-pants-set-polyester-casual-outfit-for-kids-spring-fall-stretch-knit-fabric-with-elastane-for-comfort-regular-fit-sizes-12-and-under-for-outdoor,סט חד קרן דגם לינוי,clothing,בגדי תינוקות | בגדי בנות
2024-children-girls-seersucker-short-sleeved-t-shirt-denim-skirt-summer-ruffled-fishtail-jean-skirt-2-pcs-clothing-sets,סט חולצה וחצאית ג'ינס חגיגי,clothing,בגדי תינוקות | בגדי בנות
2pcs-baby-girls-adorable-cat-graphic-long-sleeve-sweatshirt-and-jogger-pant-set-cute-warm-fleece-outfit,סט חתול קלאסי דגם אדל,clothing,בגדי חורף | בגדי בנות
elinfant-5pcs-gift-set-bamboo-cotton-muslin-bib-burp-cloth-100-cotton-60-60cm-2-layers-baby-scarf-handkerchief,סט טטרה הדפס לתינוק,clothing,לידה ואביזרים נלווים
סט-לב-גדול-דגם-שני,סט לב גדול דגם שני,clothing,בגדי תינוקות | בגדי בנות | Summer 2025
2pcs-babys-polka-dots-heart-embroidery-ruffled-bodysuit-casual-pants-toddler-infant-girls-clothing-set,סט לב לבנות דגם נועה,clothing,בגדי תינוקות | בגדי חורף | בגדי בנות
2024-new-girls-set-baby-summer-clothes-new-bow-top-shorts-2-piece-set-children-clothes-girl-kids-clothing,סט לילדה וינטג' - מורן,clothing,Summer 2025 | בגדי בנות
newborn-baby-boy-clothes-solid-color-button-long-sleeve-romper-bodysuit-pants-set-infant-soft-fall-winter-outfit,סט מכנס וחולצה דגם הלל,clothing,בגדי חורף | בגדי תינוקות | בגדי בנים | בגדי בנות
baby-color-block-plaid-2pcs-outfit-kids-casual-sweatshirt-pullover-top-trousers-set-for-fall-winter,סט מכנס וחולצה דובי דגם רפאל,clothing,בגדי תינוקות | בגדי חורף | בגדי בנים
2pcs-toddler-boy-autumn-clothes-long-sleeve-round-neck-tops-with-pocket-pullover-and-stripe-trousers-tracksuit,סט מכנס וחולצה מהממים דגם דניאל,clothing,בגדי חורף | בגדי בנים
3pcs-cute-elephant-butterfly-graphic-long-sleeve-triangle-romper-bow-pants-free-headband-set-baby-girls-lovely-casual-outfits-of-multicolor-options,סט מכנס וחולצה פרפר פיל דגם נויה,clothing,בגדי תינוקות | בגדי בנות
newborn-baby-girls-boys-clothes-autumn-baby-sets-cartoon-koala-t-shirt-striped-pants-outfits-infant-clothing-6-12-18-24-months,סט מכנס וחולצה קואלה דגם ראם,clothing,בגדי חורף | בגדי תינוקות | בגדי בנים
toddler-summer-feather-print-shirt-shorts-set-for-outdoor,סט מכנס וחולצה קיצי דגם גילי,clothing,Summer 2025 | בגדי בנים
סט-מלא-לתינוקות-קופסת-מתנה,סט מלא לתינוקות - קופסת מתנה,clothing,מארזי מתנה
adorable-bear-themed-3pcs-outfit-for-youngsters-cozy-fleece-hoodie-sweatpants-vest-set-with-embroidered-detail-perfect-for-fall-winter,סט מתוק מפליז אם ווסט תואם דגם ראם,clothing,בגדי בנים | בגדי תינוקות
2pcs-baby-boy-contrast-color-pant-sets-spring-autumn-clothes-long-sleeve-sweatshirt-tops-sets-baby-items-casual-daily-clothing,סט נוחות אליאב,clothing,בגדי חורף | בגדי תינוקות
חליפת-דוב-סוודר-כותנה-דגם-דניאל,סט סוודר חורפי דניאל,clothing,בגדי תינוקות | בגדי בנים | בגדי בנות | בגדי חורף
summer-baby-home-clothing-pajamas-cartoon-bear-print-long-sleeved-pants-set-kids-boys-girls-thin-two-piece-clothes-suit-outfits,סט פיג'מה ארוכה דובונים לחורף,clothing,בגדי תינוקות | בגדי בנים | בגדי בנות
cartoon-pajamas-suits-childrens-baby-boys-girls-spring-autumn-sleepwear-home-clothes-cotton-autumn-long-trousers-kids-pijamas,סט פיג'מה ארוכה לילד,clothing,בגדי תינוקות | בגדי בנות | בגדי בנים
girls-outfit-sets-summer-kids-casual-clothing-for-girls-fragmented-suspender-skirt-shorts-childrens-baby-girl-clothing,סט פרחוני וג'ינס לתינוקת,clothing,בגדי תינוקות | בגדי בנות | Summer 2025
babys-vacation-style-flower-pattern-splicing-one-shoulder-romper-with-belt-toddler-infant-girls-bodysuit-for-summer-daily-outdoor-wear,סט פרחוני קיצי דגם לירון,clothing,Summer 2025 | בגדי בנות
summer-navy-sister-brother-clothing-white-cotton-linen-fabric-with-bblack-ribbon-comfortable-breathable-daily-outfit-performance,סט פשתן קלאסי ואלגנטי לבנים ובנות,clothing,בגדי תינוקות | בגדי בנים | בגדי בנות
spring-and-summer-fashionable-cute-vest-shorts-bodysuit-perfect-for-outdoor,סט קיצי אלגנטי דגם מיה,clothing,בגדי בנות | Summer 2025
baby-girls-clothes-set-kids-cute-sweet-casual-short-sleeve-top-pant-outfit-sets-summer-children-comforts-sportswear-2-10years,סט קיצי לתינוקות וילדות,clothing,בגדי תינוקות | בגדי בנות | Summer 2025
girls-boho-style-sleeveless-tassel-top-and-shorts-set-100-polyester-knit-fabric-solid-color-regular-fit-summer-outfit-for-kids-for-outdoor-perfect-for-outdoor-activities,סט קיצי משגע לבנות דגם בת אל,clothing,בגדי בנות | Summer 2025
newborn-baby-boys-girl-fall-winter-clothes-ribbed-knitted-long-sleeve-romper-solid-long-pants-cotton-infant-outfits,סט רומפר מעבר דגם אורן,clothing,בגדי חורף | בגדי בנים
1-2-3-4-5-years-summer-boys-clothing-set-tiger-pattern-t-shirt-grid-design-shorts-2pcs-suit-for-kids-casual-children-outfit,סט שיא הסטייל לבנים,clothing,בגדי תינוקות | בגדי בנים
newborn-multi-piece-footed-romper-set-perfect-for-outdoor,סט של 3 אוברולים עונת מעבר דגם ישראל,clothing,Summer 2025 | בגדי חורף | בגדי תינוקות
unicorn-print-childrens-baggy-footed-body-suit-two-pack-perfect-for-outdoor,סט שני חליפות חד קרן דגם אנה,clothing,בגדי חורף | בגדי תינוקות | בגדי בנות
kiddiezoom-3-pcs-lot-autumn-winter-unisex-cartoon-long-sleeve-baby-boy-girl-romper-100-cotton-soft-newborn-jumpsuits-clothing,סטים 3 חליפות סגירה קלה דגם רוני,clothing,בגדי חורף | בגדי תינוקות | בגדי בנות | בגדי בנים
2023-summer-newborn-infant-baby-girls-princess-bowknot-shoes-soft-sole-pu-cute-flats-sandals-shoes-fit-for-0-18m-crib-shoes,סנדל אופנתי פפיון לתינוקת,clothing,נעליים
cartoon-newborn-baby-clothes-boys-romper-long-sleeve-hooded-zipper-baby-girl-romper-spring-autumn-infant-clothing-3-18-months,סרבל ארנב לתינוק,clothing,בגדי תינוקות | בגדי בנות | בגדי בנים
babys-cartoon-cross-pattern-gentleman-outfit-bowtie-bodysuit-hat-suspender-overall-pants-set-toddler-infant-boys-suit-for-formal-occasions-photography-birthday-party-weddings-outdoor-cloth,סרבל גנטלמן בייבי 3 חלקים דגם אליה,clothing,בגדי בנים | בגדי חורף | בגדי תינוקות
2024-jumpsuit-baby-boy-bamboo-clothes-newborn-girl-casual-romper-for-infants-0-24-months-girls-birth-bodysuits-kid-overalls,סרבל ללא שרוולים לתינוק,clothing,בגדי תינוקות | בגדי בנים | Summer 2025
3pcs-newborn-boys-long-sleeves-comfy-triangle-jumpsuit-with-bear-applique-plaid-suspender-pants-hat-set-comfy-trendy-outdoor-clothing-for-fall-and-winter,סרבל מעוצב אלגנטי דגם מאור,clothing,בגדי בנים | בגדי תינוקות | בגדי חורף
2023-newborn-clothes-boys-corduroy-jumpsuit-autumn-winter-jumpsuits-girls-romper-casual-bib-pants-overalls-baby-kids-clothes,סרבל עבודה אופנתי לתינוק,clothing,בגדי בנות | בגדי בנים
babys-clothes-summer-jumpsuit-outfit-solid-color-ruched-toddler-girl-casual-sleeveless-suspender-kids-rompers-headband-set,סרבל קיצי לתינוקות,clothing,בגדי תינוקות | בגדי בנות | Summer 2025
babys-adorable-bear-print-cotton-ribbed-casual-long-sleeve-romper-toddler-infant-boys-bodysuit-hat-for-outdoor-activities,סריג דובי דגם אריאל,clothing,בגדי חורף | בגדי בנים | בגדי תינוקות
summer-newborn-baby-romper-soild-color-baby-clothes-girl-rompers-cotton-short-sleeve-o-neck-infant-boys-romper-0-24-months,רומפר קייצי מבית בייבי מניה דגם דין,clothing,Summer 2025 | בגדי בנים | בגדי תינוקות
100cm-ins-cartoons-mat-for-children-baby-play-mat-round-carpet-lion-playmat-newborn-photography-props-living-room-carpet,שטיח  אריה עגול לחדר התינוק,clothing,עיצוב וטקסטיל לחדרי ילדים
girls-3pcs-spring-fall-outfit-set-comfy-long-sleeve-tops-with-geometric-pattern-machine-washable-perfect-for-outdoor,שלוש  סטים של עונת מעבר מבית בייבי מניה,clothing,בגדי תינוקות | בגדי בנות | בגדי חורף
3pcs-newborn-babys-ruffle-decor-footed-onesie-comfy-long-sleeve-romper-toddler-infant-girls-bodysuit,שלוש חליפות בייבי  דגם אנה,clothing,בגדי תינוקות | בגדי בנות
1-6y-baby-girls-party-ball-gown-princess-dress-children-sleeveless-bow-straps-mesh-tulle-tutu-a-line-dresses-kids-summer-clothes,שמלה אופנתית קלאסית לאירועים לתינוקת,clothing,בגדי תינוקות | בגדי בנות
2pc-set-childrens-baby-girl-dress-color-blocking-broken-flowers-big-bow-princess-dress-headband-0-24-months-baby-fashion-dress,שמלה חגיגית פרחונית דגם מורן,clothing,בגדי חורף | בגדי בנות
kids-summer-girls-8-12-years-old-dark-blue-yellow-striped-short-sleeved-dress-korean-fashion-classic-generous-dress,שמלה כחולה כהה אם דוגמא קלאסית דגם אוראל,clothing,בגדי בנות | Summer 2025
שמלה-נסיכותית-מפתשן-וכותנה-מלאה-בסטייל-נועה,"שמלה נסיכותית מפתשן וכותנה, מלאה בסטייל - נועה",clothing,Summer 2025 | בגדי תינוקות | בגדי בנות
bear-leader-jacquard-baby-girls-dresses-casual-ruffles-suspender-dress-kids-clothes-solid-color-boat-neck-a-line-princess-dress,שמלה קיצית עם מלמלה לבנות,clothing,בגדי תינוקות | בגדי בנות
girls-princess-dress-slip-dress-cute-fruit-print-slip-dress-bow-baby-dress-girls-clothes-kids-dresses-for-girls-summer-dresss,שמלת אירועים אלגנטית לתינוקת,clothing,בגדי תינוקות | בגדי בנות | Summer 2025
girls-flutter-sleeve-princess-dress-with-tie-childrens-clothing-solid-color-cotton-european-and-american-style-newstyle,שמלת בסגנון אמריקאי לבנות,clothing,בגדי תינוקות | בגדי בנות | Summer 2025
4-7-years-girl-dress-summer-new-stripe-ruffled-sleeveless-v-neck-dress-cute-daily-casual-princess-dresses-for-baby-girl-wear,שמלת וי פסים דגם יהלי,clothing,בגדי בנות | Summer 2025
שמלת-ורדים-חגיגית-אלגנטית-מלאה-בסטייל-קיילי,שמלת ורדים חגיגית אלגנטית מלאה בסטייל - קיילי,clothing,Summer 2025
שמלת-טוטו-נסיכותית-אלין,שמלת טוטו נסיכותית - אלין,clothing,Summer 2025 | בגדי תינוקות | בגדי בנות
שמלת-בגד-גוף-חגיגית-אוריין,שמלת טול חגיגית - אוריאן,clothing,Summer 2025
שמלת-כותנה-חגיגית-אלין,שמלת כותנה חגיגית - אלין,clothing,Summer 2025
שמלת-כיווצים-קיצית-ענבל,שמלת כיווצים קיצית מכותנה - ענבל,clothing,Summer 2025 | בגדי תינוקות | בגדי בנות
שמלת-מלמלות-מתוקה-מבד-איכותי-לין,שמלת מלמלות מתוקה מכותנה - לין,clothing,Summer 2025
שמלת-סטרפלס-סטייל-קזואל-ליאל,שמלת סטרפלס סטייל קז'ואל - ליאל,clothing,Summer 2025
summer-baby-girl-dress-with-bowknot-striped-jumpsuit-cotton-dress-for-newborn-floral-clothes-baby-crawling-clothes,שמלת סרבל לתינוקת,clothing,בגדי תינוקות | בגדי בנות | Summer 2025
שמלת-ערב-נסיכותית-רצל,שמלת ערב נסיכותית - רצ'ל,clothing,Summer 2025
spring-and-summer-girls-fashion-vacation-casual-solid-color-round-neck-flying-sleeve-dress-summer-clothing-small-satchel,שמלת פליסה דגם אוריה,clothing,Summer 2025 | בגדי בנות
שמלת-פפיון-אחורי-קלאסית-לוראן,שמלת פפיון אחורי קלאסית - לוראן,clothing,Summer 2025
שמלת-פפיון-אלגנטית-קלאסית-לין,שמלת פפיון אלגנטית קלאסית - לין,clothing,Summer 2025
cozy-chic-girls-plush-lined-bowknot-collar-jacket-soft-warm-and-stylish-for-fall-winter-outings-casual-daily-wear-and-school-uniforms,שמלת פפיון חורפית דגם ארגמן,clothing,בגדי חורף | בגדי בנות | בגדי תינוקות
summer-kids-dresses-for-girls-ruffle-sleeve-birthday-party-clothes-solid-color-sweet-princess-dress-children-holiday-wear-3-8yrs,שמלת פפיון כחולה דגם אביבה,clothing,בגדי בנות | Summer 2025
new-summer-girls-suspender-dress-kids-print-dress-elegant-children-casual-clothes-chiffon-flower-tutu-princess-dresses-for-girls,שמלת פרחים מהאגדות דגם איילה,clothing,Summer 2025 | בגדי בנות | בגדי תינוקות
menoea-toddler-dresses-2023-summer-style-children-floral-pattern-costume-girl-clothes-kids-dress-for-girls-casual-dresses,שמלת קיץ חגיגית עם מלמלה,clothing,בגדי תינוקות | בגדי בנות
girls-blue-sequin-summer-dress-kids-evening-party-mesh-princess-costume-toddler-girl-holiday-casual-clothes-for-3-4-5-6-7-8-year,שמלת קיץ מיוחדת לבנות,clothing,בגדי תינוקות | בגדי בנות
dress-for-kids-3-36-months-butterfly-sleeve-cute-floral-summer-princess-formal-dresses-ootd-for-newborn-baby-girl,שמלת קיץ פרחונית לתינוקות דגם אלין,clothing,בגדי בנות | Summer 2025
summer-toddler-girl-dress-solid-cotton-sleeveless-children-dress-kids-sundress-slip-dress-fashion-girls-clothing,שמלת שמש לתינוקות וילדות,clothing,בגדי תינוקות | Summer 2025 | בגדי בנות
girls-casual-dresses-one-line-shoulder-strap-patchwork-lace-dress-kids-clothes-girls-8-to-12-years-princess-dress-for-girls,שמלת תחרה כפלים דגם טליה,clothing,Summer 2025 | בגדי בנות
autumn-new-girls-dress-long-sleeve-lantern-sleeve-bunny-decorated-lace-flower-print-fake-two-halter-girls-dress,שמלת תינוקות פרחונית דגם עדן,clothing,בגדי בנות | בגדי חורף | בגדי תינוקות
