handle,title,template_suffix,collections
0-to-18-months-baby-girl-boy-sweater-romper-autumn-winter-clothes-striped-crew-neck-long-sleeve-full-length-jumpsuit,Alure™ Baby,,בגדי חורף | בגדי תינוקות
toddler-baby-boys-clothes-fall-outfit-striped-crew-neck-long-sleeve-sweatshirt-pants-2pcs-set-for-1-3y-casual-daily-clothes,Lino™ – סט סריג רך לתינוקות בעיצוב אירופאי,,בגדי חורף | בגדי תינוקות
3-24-months-newborn-baby-boy-winter-clothing-set-lattice-plush-long-sleeved-hooded-jumpsuit-fashion-cute-romper-warm-daily-wear,LumiBear™ חליפת פרמיום לחורף,,בגדי חורף | בגדי תינוקות
summer-unisex-newborn-baby-clothes-solid-color-baby-rompers-cotton-long-sleeve-toddler-romper-infant-clothing-3-18-months,LUMI™  – אוברול נוחות יוקרתי לתינוקות,,בגדי חורף | בגדי תינוקות
ma-baby-0-18m-baby-girl-clothes-sets-newborn-infant-toddler-knit-jumpsuit-floral-print-shorts-headband-outfits-summer-clothing,Veloura Baby™ חליפה פרחונית,,Summer 2025 | בגדי בנות
newborn-baby-winter-jacket-warm-hooded-infant-romper-thicken-soft-cotton-boys-jumpsuit-cartoon-baby-girl-clothes-0-to-12-months,WarmNest™– אוברול חורף מחבק לתינוקות,,בגדי בנות | בגדי בנים | בגדי תינוקות | מארזי מתנה | בגדי חורף
babys-casual-leopard-pattern-long-sleeve-romper-hairband-toddler-infant-girls-bodysuit,אוברול Leopard Cozy,,בגדי תינוקות | בגדי חורף | בגדי בנות
אוברול-כותנה-אמירוש,אוברול אלגנט דגם עומרי,,Summer 2025 | בגדי תינוקות | בגדי בנות | בגדי בנים
אוברול-ארוך,אוברול ארוך,,בגדי תינוקות | בגדי בנות | בגדי בנים
אוברול-ארוך-עם-רוכסן,אוברול ארוך עם רוכסן,,Home page | בגדי תינוקות | בגדי בנות | בגדי בנים
babys-little-lion-print-casual-long-sleeve-romper-hat-baby-mittens-toddler-infant-boys-bodysuit,אוברול אריה חמוד דגם שמר,,בגדי בנים | בגדי חורף | בגדי תינוקות
newborn-babys-cartoon-lion-pattern-long-sleeve-footie-toddler-infant-boys-comfy-footed-outdoor-romper,אוברול אריה מתוק דגם שמר,,בגדי בנים | בגדי תינוקות
baby-bear-cozy-set,אוברול בייבי  לתינוק – Baby Bear Cozy Set,,בגדי בנים | בגדי חורף | בגדי תינוקות
autumn-baby-clothes-bodysuit-one-pieces-boys-girls-newborn-rompers-solid-color-100-cotton-0-24m-long-sleeve-loungewear-outfit,אוברול בייבי מניה דגם חן,,בגדי חורף | בגדי תינוקות
baby-summer-clothing-denim-rompers-toddler-newborn-baby-boys-girls-sleeveless-button-pocket-rompers-jumpsuits-casual-outfits,אוברול ג'ינס מתוק מבית בייבי מניה דגם זוהר,,בגדי תינוקות | Summer 2025
summer-essential-lightweight-romper-for-baby-girls-casual-machine-washable-perfect-for-outdoor,אוברול גינס מהמם דגם רוית,,בגדי בנות | Summer 2025
babys-stylish-ruffled-ripped-denim-long-sleeve-belted-romper-toddler-infant-girls-button-down-bodysuit-for-spring-fall-outdoor-wear,אוברול ג׳ינס דגם אתי,,בגדי בנות | בגדי חורף | בגדי תינוקות
diimuu-baby-children-boys-clothes-rompers-toddler-kids-overalls-denim-pants-casual-jumpsuits-long-sleeve-fashion-trousers,אוברול ג’ינס יוניסקס לתינוקות דגם שלו,,Summer 2025 | בגדי בנות | בגדי בנים | בגדי תינוקות | בגדי חורף
round-neck-cute-bear-graphic-toddler-baby-long-sleeve-bodysuit-boys-onesie-suitable-for-indoor-and-outdoor-wear,אוברול דוב מתוק דגם אייל,,בגדי חורף | בגדי בנים | בגדי תינוקות
2-picec-baby-four-seasons-tie-feet-bodysuit-for-boys-little-bear-creative-baby-cute-bodysuit-made-of-pure-cotton-soft-comforta,אוברול דובי אם רגלית דגם אוריאל,,בגדי תינוקות | בגדי בנים | בגדי חורף
0-18m-cute-baby-girls-boys-rompers-infant-clothes-bear-print-crew-neck-long-sleeve-toddler-fall-bodysuits-jumpsuits-with-hat,אוברול דובי דגם דניאל,,בגדי חורף | בגדי תינוקות | בגדי בנים
1pc-cute-summer-striped-romper-for-baby-girl-v-neck-short-sleeve-adjustable-strap-dress-with-bow-detail-lightweight-breathable-fabric-perfect-for-outdoor-play-parties-and-casual-outings-casual-baby-clothes-playfu,אוברול חגיגי דגם אנה,,בגדי בנות | Summer 2025
aynigiell-0-12m-cartoon-newborn-bodysuit-warm-romperssoft-newborn-baby-clothes-flannel-autumn-winter-baby-boys-girls-jumpsuit,אוברול חורפי לתינוקות דגם אנגל,,בגדי חורף | בגדי תינוקות
babys-cartoon-heart-full-print-ruffle-decor-ribbed-long-sleeve-cotton-romper-toddler-infant-girls-bodysuit-hairband-suitable-for-fall-winter-outdoor-activities,אוברול לבבות דגם הילה,,בגדי חורף | בגדי תינוקות | בגדי בנות
אוברול-מכופתרת,אוברול מכופתרת,,בגדי תינוקות | בגדי בנים
אוברול-סרבל-ארוך,אוברול סרבל ארוך,,בגדי תינוקות | בגדי בנות | בגדי בנים
newborn-baby-girls-zipper-decor-ribbed-jumpsuit-headscarf-set-for-indoor-and-outdoor-wear,אוברול סריג מתוק לתינוקות דגם שוהם,,בגדי תינוקות | בגדי חורף | בגדי בנות
infant-baby-girls-boys-romper-stripe-waffle-cotton-long-sleeve-newborn-baby-jumpsuit-one-piece-outfit-spring-autumn-baby-clothes,אוברול סריג פסים דגם רפאל,,בגדי תינוקות | בגדי בנים | בגדי חורף
newborn-babys-cartoon-elephant-stripe-pattern-long-sleeve-footie-hat-toddler-infant-girls-comfy-footed-romper-for-spring-fall,אוברול פיל מתוק דגם נאיה,,בגדי בנות | בגדי תינוקות
newborn-baby-allover-print-cute-elephant-one-piece-outdoor-romper-bodysuit-hat-set-suitable-for-outdoor-wear,אוברול פיל פסים דגם ליאו,,בגדי בנים | בגדי תינוקות
cute-cartoon-penguin-cotton-baby-long-sleeve-footed-jumpsuit,אוברול פינגווין דגם נועם,,בגדי תינוקות | בגדי בנים
overol-dubi-tinok,אוברול פליז דובי לתינוק – Teddy Cozy Suit,,בגדי חורף | בגדי תינוקות
cartoon-baby-clothes-boy-romper-long-sleeve-arctic-velvet-hooded-baby-girl-romper-winter-warm-newborn-clothes-0-18-months,"אוברול קטיפתי לתינוק – חמימות, נוחות וסטייל לחורף",,בגדי חורף | בגדי תינוקות
newborn-clothes-cute-cartoon-patchwork-teddy-bear-comfortable-and-soft-summer-boys-and-girls-0-18-short-sleeved-baby-jumpsuit,אוברול קיץ לתינוקות בעיצוב דובי דגם שי,,Summer 2025 | בגדי בנים | בגדי תינוקות
בגד-גוף-אלגנטי-מייקל,בגד גוף אלגנטי - מייקל,,Summer 2025 | בגדי תינוקות | בגדי בנים
בגד-גוף-כיווצים-גאיה,בגד גוף כיווצים - גאיה,,Summer 2025 | בגדי תינוקות | בגדי בנות
בגד-גוף-מלמלות-וכיווצים-שיילי,בגד גוף מלמלות וכיווצים פרחוני - שיילי,,Summer 2025 | בגדי תינוקות | בגדי בנות
kawaii-winnie-the-pooh-bear-and-bee-print-baby-girl-clothes-short-sleeve-baby-bodysuit-cotton-romper-newborn-baby-summer-clothes,בגד גוף פו הדוב דגם לירון,,בגדי תינוקות | Summer 2025
בגד-גוף-פליז,בגד גוף פליז,,בגדי תינוקות | בגדי בנות | בגדי בנים
בגד-גוף-פליז-שרוולים-ארוכים-ופונפונים,בגד גוף פליז שרוולים ארוכים ופונפונים,,בגדי תינוקות | בגדי בנות | בגדי בנים
בגד-גוף-פסים-ריף,בגד גוף פסים אלגנטי - ריף,,Summer 2025 | בגדי תינוקות | בגדי בנים
בגד-גוף-קיצי-נוח-ואוורירי-כולל-כובע-מתוק-גוני,"בגד גוף קיצי נוח ואוורירי, כולל כובע מתוק - ג'וני",,Summer 2025 | בגדי תינוקות | בגדי בנות | בגדי בנים
patpat-valentines-day-hyper-tactile-cute-bow-baby-girl-swimsuit-set,בגד ים לבבות דגם מאיה,,בגדי בנות | Summer 2025
summer-t-shirt-girls-short-sleeved-bottom-shirt-solid-color-tops-fashion-casual-baby-girl-tshirts-children-clothing-breathable,חולצה קיצית אלגנטית לבנות,,בגדי תינוקות | בגדי בנות
חולצת-קזואל-שרוול-ארוך,חולצת קז'ואל שרוול ארוך,,בגדי תינוקות | בגדי בנות | בגדי בנים
children-fashion-cartoon-outfit-girls-bear-double-sided-cute-velvet-padded-three-piece-winter-new-boys-warm-casual-hooded-suit,חליפה 3 חלקים מבית בייבי מניה דגם אריאל,,בגדי בנים | בגדי חורף
2pcs-infants-bear-embroidered-long-sleeve-set-waffle-textured-bodysuit-casual-pants-baby-boys-clothes-outdoor-cloth,חליפה דוב מופתע דגם ליאל,,בגדי בנים | בגדי חורף | בגדי תינוקות
adorable-bear-print-zip-up-sweatshirt-joggers-set-for-boys-cozy-polyester-blend-machine-washable-perfect-for-fall-winter-perfect-for-outdoor,חליפה דוב מקסימה דגם אריאל,,בגדי חורף | בגדי תינוקות | בגדי בנים
baby-boys-cute-bear-embroidery-sweatshirt-and-matching-sweatpants-2pcs-infants-casual-comfortable-fall-winter-outfit-outdoor-cloth,חליפה מהממת רקמת דובי חמוד דגם אלי,,בגדי בנים | בגדי חורף | בגדי תינוקות
adorable-3pcs-outfit-for-baby-girls-romper-ruffle-sleeve-bodysuit-cartoon-print-pants-headband-set,חליפה מכנס וחולצה לבנות דגם אנה,,בגדי בנות | בגדי חורף | בגדי תינוקות
spring-and-autumn-newborn-girls-bodysuit-baby-climbing-clothes-long-sleeve-bow-beam-waist-flying-sleeve-personality-leopard-print-fabric-stretchy-soft-comfortable-clothes,חליפה מנומר עם פפיון דגם נמרה,,בגדי חורף | בגדי בנות | בגדי תינוקות
2pcs-boys-summer-fashion-trendy-street-style-random-print-short-sleeve-shirt-and-elastic-waist-shorts-set-for-commuting-school-casual-vacation-sports-spring-summer-youngsters-outfit-boys-shirts-youngsterss-shorts,חליפה מעוצבת סטייל שובב דגם ליאם,,בגדי בנים | Summer 2025
pudcoco-newborn-infant-baby-girl-clothes-ruffle-long-sleeve-romper-solid-knit-ribbed-bodysuit-jumpsuit-coming-home-outfit-0-6m,חליפה סרוגה לתינוק,,בגדי בנות
childrens-clothing-suit-boy-girl-baby-autumn-winter-new-plus-velvet-thickening-cartoon-bear-hooded-three-piece-baby-suit0-4-y-1,"חליפה קטיפתית לתינוק – חמימות, נוחות וסטייל בשלושה חלקים",,בגדי בנות | בגדי בנים | בגדי חורף | Home page
חליפת-קיץ-פרחונית-לתינוקות-היילי-baby-mania,חליפה קיצית פרחונית - היילי,,Summer 2025 | בגדי תינוקות | בגדי בנות
summer-new-baby-girls-clothes-set-short-tops-shorts-2pcs-kids-girl-clothing-suit-3-12-years-children-outfits-kinder-kleidung,חליפה קלאסית ואופנתית לבנות,,בגדי תינוקות | בגדי בנות | Summer 2025
infant-boys-3-piece-set-cute-cartoon-lion-embroidery-polyester-hoodie-vest-and-pants-long-sleeve-regular-fit-knit-fabric-for-autumn-winter-for-outdoor,חליפת 3 חלקים אריה מתוקה אם ווסט פרוותי דגם חן,,בגדי תינוקות | בגדי חורף | בגדי בנים
boys-plaid-color-block-fashion-suit-perfect-for-outdoor,חליפת אביב יוקרתית דגם  דין,,Summer 2025 | בגדי בנים | Home page
autumn-and-winter-baby-boy-cute-fashion-sports-style-a-line-embroidery-design-long-sleeved-round-neck-top-and-pants-set,חליפת אלופים מהממת דגם שון  מבית בייבי מניה,,בגדי חורף | בגדי בנים
חליפת-ג-ינס-וחמניות-גיילוס,חליפת ג׳ינס וחמניות- גיילוס,,בגדי תינוקות | בגדי בנים | בגדי בנות | Summer 2025
copy-of-חליפת-דוב-סוודר-כותנה-דגם-רותם,חליפת דוב  סוודר כותנה  - דגם דנה,,בגדי תינוקות | בגדי בנים | בגדי בנות
copy-of-חליפת-דוב-סוודר-כותנה-דגם-דניאל,חליפת דוב  סוודר כותנה  - דגם רותם,,בגדי תינוקות | בגדי בנות | בגדי בנים
0-9-months-baby-boy-set-little-bear-long-sleeve-bodysuit-pants-hat-socks-4pcs-set-baby-spring-autumn-clothing-newborn-set,חליפת דובי  מלאה בסטייל דגם מאור,,בגדי תינוקות | Summer 2025 | בגדי חורף
2pcs-baby-boys-casual-cute-warm-fleece-outfits-bear-pattern-round-neck-long-sleeve-sweatshirt-bear-print-pants-outdoor-set-for-autumn-and-winter,חליפת דובי דגם נתן,,בגדי חורף | בגדי בנים | בגדי תינוקות
2pcs-babys-cute-bears-print-hooded-set-hoodie-pants-baby-boys-clothing-as-gift,חליפת דובים דגם אוריאל,,בגדי תינוקות | בגדי חורף | בגדי בנים
חליפת-וופל-במגוון-צבעים,חליפת וופל במגוון צבעים,,בגדי תינוקות | בגדי בנים | בגדי בנות
baby-girls-casual-plain-color-puff-sleeve-belted-romper-jumpsuit-for-summer-outdoor-play,חליפת חג פרחונית דגם סמדר,,בגדי בנות | Summer 2025
solid-color-newborn-baby-boy-clothes-long-sleeve-hooded-zipper-baby-clothes-girls-footies-winter-warm-infant-clothing-3-24months,חליפת חורף לתינוקת עם כובע דגם שון,,בגדי חורף | בגדי תינוקות
חליפת-מכנצאית-תחרה-אלגנטית-קארין,חליפת חצאית תחרה אלגנטית - קארין,,Summer 2025 | בגדי בנות
חליפת-טטרה-קיצית-עידודו,חליפת טטרה קיצית מכותנה - עידודו,,Summer 2025 | בגדי תינוקות | בגדי בנים
pudcoco-toddler-girl-summer-outfit-solid-color-ribbed-sleeveless-tank-tops-and-pleated-skirts-with-belt-2pcs-clothes-set-6m-5t,חליפת טניס קיצית לבנות,,בגדי תינוקות | בגדי בנות | Summer 2025
חליפת-כותנה-וופל-בשילוב-דובי-בנים-בנות,"חליפת כותנה וופל בשילוב דובי - בנים, בנות",,Summer 2025 | בגדי תינוקות | בגדי בנות | בגדי בנים
summer-children-boy-clothes-kid-lapel-t-shirts-and-shorts-set-patchwork-v-neck-top-bottom-2-pieces-suit-fashion-tracksuits,חליפת ספורט-אלגנט לילד,,בגדי תינוקות | בגדי בנים
חליפת-סריג-כותנה-אלגנטית-מייגן,חליפת סריג אלגנטית - מייגן,,Summer 2025 | בגדי תינוקות | בגדי בנות
6536c-brother-sister-clothes-girl-striped-polo-dress-or-boys-suit-summer-hot-sale-knitted-striped-suit-girls-dress,חליפת פולו קצרה סרוגה לתינוקות,,בגדי תינוקות | בגדי בנות | בגדי בנים
baby-boy-long-sleeved-triangle-romper-sharp-cartoon-graphic-pants-hat-three-piece-set,חליפת פיל דגם אימרי,,בגדי בנות | בגדי בנים | בגדי חורף | בגדי תינוקות
childrens-pajama-sets-bear-tops-pants-2pcs-kids-pajamas-winter-girl-clothing-sets-2-to-6years-children-clothes-boys-sleepwear,חליפת פליז דגם שרון,,בגדי בנות | בגדי בנים
summer-short-sleeved-baby-rompers-0-2y-striped-onesies-for-newborn-baby-boy-infant-girl-moon-printed-jumpsuit-baby-clothing,חליפת פסים מהפנטת דגם ריף,,בגדי תינוקות | Summer 2025
חליפת-פפיו-אלין,חליפת פפיון - אלין,,Summer 2025 | בגדי תינוקות | בגדי בנות
toddler-baby-girls-knitted-tracksuits-casual-autumn-winter-lapel-button-long-sleeved-jacket-pants-children-plush-outwear-set,חליפת פרווה סטייל לבנות,,בגדי תינוקות | בגדי בנות
cotton-linen-casual-toddler-baby-boys-summer-outfits-solid-short-sleeve-pocket-button-down-lapel-shirt-shorts-2pcs-clothes-set,חליפת פשתן לתינוק,,בגדי תינוקות | בגדי בנים | בגדי בנות | Summer 2025
2pcs-babys-cartoon-koala-print-hooded-raglan-sleeve-bodysuit-casual-pants-toddler-infant-boys-clothing-set-for-spring-fall-outdoor-cloth,חליפת קואלה דגם ליאל,,בגדי בנים | בגדי תינוקות
2pcs-babys-cartoon-koala-print-long-sleeve-bodysuit-hat-casual-pants-toddler-infant-girls-clothing-set-for-spring-fall-outdoor,חליפת קואלה דגם שני,,בגדי חורף | בגדי תינוקות | בגדי בנות
2pcs-boys-casual-coconut-tree-graphic-print-versatile-short-sleeve-t-shirt-shorts-set-cool-lightweight-and-comfy-summer-clothes-for-daily-outdoor-wear,חליפת קיץ מהפנטת דגם עומרי,,Summer 2025 | בגדי בנים
korean-style-children-clothing-set-short-sleeved-cotton-printed-t-shirt-shorts-newborn-baby-girls-clothing-suit-for-summer,חליפת קיץ מושלמת דגם רונה,,בגדי בנות | בגדי תינוקות | Summer 2025
חליפת-קיץ-1977,חליפת קיץ מכותנה - 1977,,Summer 2025 | בגדי תינוקות | בגדי בנים | בגדי בנות
חליפת-תחרה-פרחונית-מורן,חליפת קיץ פרחונית לתינוקות – מורן,,Summer 2025 | בגדי תינוקות | בגדי בנות
newest-fashion-summer-toddler-baby-girl-clothes-off-shoulder-ruffle-sling-crop-tops-short-pants-2pcs-outfits-clothes,חליפת קרופ לקיץ,,בגדי תינוקות | בגדי בנות | Summer 2025
infant-boys-3-piece-set-with-cartoon-elephant-embroidery-casual-polyester-hooded-vest-long-sleeve-sweatshirt-and-loose-pants-with-rib-knit-details-for-fall-winter-100-polyester-fleece-warmth-for-outdoor,חליפת שלוש חלקים פיל דגם אימרי,,בגדי בנים | בגדי תינוקות
חליפת-תחרה-אלינויה,חליפת תחרה אלגנטית - אלינויה,,Summer 2025 | בגדי תינוקות | בגדי בנות
2pcs-newborn-bodysuit-headband-0-24months-cotton-baby-girl-jumpsuit-sets-solid-color-baby-girl-clothes-short-sleeve-summer-bebes,יחידת בגד גוף עם סרט לשיער לתינוק,,בגדי תינוקות | בגדי בנות | Summer 2025
cute-cartoon-bear-baby-baseball-cap-soft-corduroy-boys-girls-kids-cap-beanie-children-toddler-hats-bonnet-gift,כובע בייסבול רך לתינוק,,בגדי תינוקות | בגדי חורף
baby-stroller-accessories-baby-bottles-rack-for-baby-cup-holder-trolley-child-car-bicycle-quick-release-water-bottle-holder,מחזיק כוסות לעגלה,,לידה ואביזרים נלווים
2024-winter-kids-baby-corduroy-trousers-pant-fashion-girls-pants-children-boys-kids-full-length-pants-infant-clothing,מכנסי קורדרוי אופנתיים לתינוקות,,בגדי תינוקות | בגדי בנים | בגדי בנות
2024-new-fashion-children-wide-leg-pants-summer-casual-thin-chiffon-cropped-trousers-for-teenager-girls-clothes-2-4-6-8-10-years,מכנסיים מתרחבים אלגנטיים לבנות,,בגדי תינוקות | בגדי בנות
rabbit-mood-light-led-desk-lamp-cute-cartoon-childrens-gift-bedroom-bedside-light-living-room-floor-light,מנורת לילה ארנב,,עיצוב וטקסטיל לחדרי ילדים | המיוחדים שלנו | מארזי מתנה | משחקים לתינוק
led-cloud-wall-lamp-baby-room-bedroom-bed-living-dining-room-attic-creative-warm-decoration-wall-light-touch-switch-ac220-230v,מנורת ענן לחדר התינוק,,עיצוב וטקסטיל לחדרי ילדים
dr-isla-baby-nose-cleaner-silicone-adjustable-suction-electric-child-nasal-aspirator-safety-convenient-low-noise,מנקה אף ושואב לכלוך בעדינות לתינוק,,לידה ואביזרים נלווים | המיוחדים שלנו
dr-isla-electric-baby-nasal-aspirator-electric-nose-cleaner-sniffling-equipment-safe-hygienic-nose-snot-cleaner-for-newborns,מנקה אף חשמלי לתינוקות,,לידה ואביזרים נלווים
baby-carrier-ergonomic-infant-multifunctional-waist-stool-newborn-to-toddler-multi-use-before-and-after-kangaroo-bag-accessories,מנשא בד איכותי לתינוק מבית בייבי מניה,,לידה ואביזרים נלווים | המיוחדים שלנו
four-seasons-universal-baby-carrying-bag-waist-stool-strap,מנשא לישיבה כתף אחת,,לידה ואביזרים נלווים
1pc-baby-carrier-double-shoulders-easy-cross-hug-lightweight-universal,מנשא לכתף אחת לתינוק,,לידה ואביזרים נלווים | המיוחדים שלנו
baby-carrier-sling-versatile-for-all-seasons-multifunctional-shoulder-baby-carrier-four-carrying-methods-front-and-back,מנשא לתינוק מולטי,,לידה ואביזרים נלווים
baby-carrier-ergonomic-hipseat-carrier-front-facing-kangaroo-baby-wrap-carrier-infant-sling-infant-hipseat-waist-baby-gear,מנשא עם קשירה לתינוק,,לידה ואביזרים נלווים | המיוחדים שלנו
baby-girls-coats-jackets-casual-fashion-girls-windbreaker-for-infant-cotton-trench-outerwear-long-sleeve-baby-girls-clothing,מעיל אופנתי לבנות – דגם שיראל,,בגדי חורף | בגדי בנות
fashion-baby-girl-boy-winter-jacket-thick-lamb-wool-infant-toddler-child-warm-sheep-like-coat-baby-outwear-cotton-1-8y,מעיל חורף צמר דגם שנאל,,בגדי בנות | Home page | בגדי חורף
babys-pockets-patched-warm-fuzzy-lining-corduroy-jacket-button-front-turndown-collar-coat-baby-boys-clothing-for-fall-winter-outdoor,מעיל קורדרוי מחמם מאוד דגם אליה,,בגדי חורף | בגדי בנים
folding-baby-bathtub-real-time-temperature-silicone-baby-take-a-bath-non-slip-bath-bucket-bathroom-basket-tub-banera-de-bebe,מעמד לאמבטיה מתקפל,,לידה ואביזרים נלווים | המיוחדים שלנו
nordic-rabbit-bear-shaped-mirror-cartoon-acrylic-mirrors-desktop-ornaments-baby-children-room-decoration-home-decor-photo-props,מראה בצורת חיות לחדר התינוק,,עיצוב וטקסטיל לחדרי ילדים
breast-pump-baby-nipple-manual-suction-milk-pump-feeding-breasts-pumps-milk-bottle-sucking-postpartum-supplies,משאבת חלב אם ידנית לתינוקות,,לידה ואביזרים נלווים
baby-feeding-manual-breast-pump-partner-breast-collector-automatic-correction-breast-milk-silicone-pumps-maternity-products,משאבת חלב ידנית,,לידה ואביזרים נלווים
cute-cartoon-baby-bath-caps-toddle-shampoo-cup-children-bathing-bailer-baby-shower-spoons-child-washing-hair-cup-kids-bath-tool,משפך לשיער התינוק,,לידה ואביזרים נלווים
baby-bed-hanging-storage-bags-cotton-newborn-crib-organizer-toy-diaper-pocket-for-crib-bedding-set-accessories-nappy-store-bags,מתלה אחסון לחדר,,עיצוב וטקסטיל לחדרי ילדים
baby-feeding-bottle-drain-rack-nipple-feeding-cup-holder-storage-drying-rack-cleaning-dryer-drainer-storage-drying-rack,מתקן ייבוש,,לידה ואביזרים נלווים
trendy-comfortable-sneakers-for-baby-girls-and-boys-lightweight-nonslip-shoes-for-indoor-outdoor-walking-all-seasons,נעל אולסטאר צעד ראשון לתינוק,,נעליים
baby-panda-sneakers-toddler-fashion-sports-shoes-for-boys-girls-flats-walking-shoes-soft-sole-kids-sneakers,נעל אופנתית אלגנטית לתינוק,,נעליים
girls-mary-jane-shoes-children-solid-color-bow-round-toe-bow-2024-new-kids-fashion-soft-moccasin-shoes-baby-first-walker-shoes,נעל אלגנטית צעד ראשון לבנות,,נעליים
2024-summer-baby-led-light-sandals-for-girls-cute-hello-kitty-childrens-casual-shoes-anti-slip-kids-beach-shoes-outdoor-shoes,נעל הלו קיטי עם אורות לילדות,,נעליים
baby-socks-shoes-infant-color-matching-cute-kids-boys-shoes-doll-soft-soled-child-floor-sneaker-bebe-toddler-girls-first-walkers,נעל מעבר צעד ראשון לתינוק,,נעליים
kids-casual-shoes-sneakers-boys-sport-breathable-tennis-sneaker-baby-children-girls-shoes-spring-fashion-white-flat-running-shoe,נעל ספורט קז'ואל נוחה לתינוק,,נעליים
baby-toddler-shoes-four-seasons-shoes-0-to-3-years-old-baby-shoes-soft-bottom-non-slip-girls-boys-mesh-breathable-single-shoes,נעל קז'ואל במיוחד לתינוקות,,נעליים
childrens-sneakers-kids-fashion-design-white-non-slip-casual-shoes-for-boys-girls-hook-breathable-sneakers-toddler-outdoor-shoe,נעלי אופנה קז'ואל מונעות החלקה לתינוקות,,נעליים
tennis-shoes-led-children-trainer-cartoon-boy-casual-sneaker-for-boy-kid-shoe-girl-mesh-breathable-shoe-baby-illuminated-shoe,נעלי אורות דינוזאור לתינוק,,נעליים
2023-baby-girls-walking-shoes-kids-pu-leather-big-flower-summer-princess-non-slip-shoes-party-wedding-baby-girls-dance-shoes,נעלי בובה חגיגיות לבנות,,נעליים
three-dimensional-childrens-shark-hole-shoes-summer-home-baby-non-slip-platform-sandals-cute-cartoon-soft-sole-kids-slippe,נעלי גומי כריש - דויד,,נעליים
children-glowing-sneakers-kid-princess-bow-for-girls-led-shoes-cute-baby-sneakers-with-light-shoes-size-21-30,נעלי ילדים עם אורות פפיון,,נעליים
size-21-36-baby-toddler-shoes-for-boys-girls-breathable-mesh-little-kids-casual-sneakers-non-slip-children-sport-shoes-tenis-1,נעלי ספורט מעוצבות,,נעליים | המיוחדים שלנו
childrens-sneakers-kids-fashion-design-white-non-slip-casual-shoes-boys-girls-hook-breathable-sneakers-toddler-outdoor-shoes,נעלי ספורט-אופנה לתינוקות,,נעליים
newborn-baby-crib-shoes-boys-girls-casual-first-walker-cute-animal-ear-soft-soles-anti-slip-toddler-flat-shoes-for-0-18-months,נעליים מונעות החלקה ליילוד,,נעליים
0-7t-toddler-kid-baby-boy-girl-winter-clothes-newborn-baby-sweater-infant-knit-pullover-top-casual-basic-top-knitwear-outfit,סוודר סרוג לתינוקות וילדים דגם שילה,,בגדי חורף | בגדי תינוקות
girls-solid-color-strap-tank-top-printed-bow-shorts-summer-outing-casual-fashion-one-piece,סט  קיץ לבנות דגם אודיה,,בגדי בנות | Summer 2025
3pcs-babys-cartoon-bunny-print-zip-up-footed-bodysuit-casual-long-sleeve-romper-toddler-infant-girls-outdoor-onesie-for-spring-fall-as-gift,סט 3 אוברולים ארנב דגם  שני,,בגדי חורף | בגדי בנות | בגדי תינוקות
חליפת-חורף-שני-חלקים-קשת-שמש,סט Solé™,,בגדי תינוקות | בגדי בנים | בגדי חורף
2024new-summer-girls-clothing-set-2pcs-tracksuit-children-cotton-suit-kids-cartoon-outfits-short-sleeve-baby-girls-clothes-sets,סט אבטיח לקיץ דגם אביבית,,בגדי תינוקות | בגדי בנות | Summer 2025
quality-summer-baby-boys-clothes-sets-toddlers-childrens-denim-overalls-short-t-shirt-cute,סט אוברול וחולצה דגם קובי,,בגדי תינוקות | בגדי בנים | Summer 2025
top-rated-3pcs-set-cute-lion-pattern-fashionable-and-comfortable-footed-romper-three-dimensional-ears-hat-and-drool-towel-perfect-for-outdoor,סט אוברול עם כובע וסינר אריה דגם שמר,,בגדי בנים | בגדי חורף | בגדי תינוקות
2pcs-fashion-children-short-sleeve-shorts-sets-summer-kids-clothes-boys-baby-cotton-tee-pant-outfits-black-and-white-stripe,סט אופנתי קצר לתינוק,,בגדי תינוקות | בגדי בנים | Summer 2025
girls-summer-clothing-suit-children-short-sleeved-polo-shirt-wide-leg-pants-2pcs-sets-baby-loungewear-fashion-pit-stripe-outfits,סט אלגנטי דגם מעיין,,בגדי תינוקות | בגדי בנות | Summer 2025
summer-baby-boys-spiderman-short-sleeve-t-shirt-jeans-sets-clothes-kids-fashion-clothing-outfits-children-fashion-sports-suits,סט בגדי ילדים ספיידרמן  -דגם אימרי,,Summer 2025 | בגדי בנים
copy-of-חליפת-אוברול-קיץ-לתינוק,סט בגדי תינוקות  בנות,,בגדי תינוקות | בגדי בנים | בגדי בנות
baby-girl-summer-clothing-sets-baby-girls-clothes-denim-shirt-top-tutu-skirts-headband-3pcs-outfits-sets-0-5t,סט בגדי תינוקות גינס ושמלה דגם טליה,,בגדי בנות | Summer 2025 | בגדי תינוקות
2pcs-baby-boys-girls-all-seasons-long-sleeve-top-suspenders-pants-suit-clothes-stes-for-newborn-daily-wear-clothing,סט בגדים לתינוקות – חולצה ארוכה + אוברול גינס,,בגדי חורף | בגדי בנים | בגדי בנות | בגדי תינוקות
autumn-and-winter-new-youngsters-white-ruffle-long-sleeve-daisy-floral-trousers-two-piece-set-of-girls-youngsterss-clothes-perfect-for-outdoor,סט בייסיק לתינוקות דגם  לירון,,בגדי בנים | Summer 2025
2pcs-summer-vintage-baby-outfits-girl-soft-cotton-linen-suit-todder-kid-sleeveless-blouse-falbala-shorts-children-clothes-3t,סט בסגנון וינטג' אלגנטי לתינוקת,,בגדי תינוקות | בגדי בנות
summer-new-mid-size-childrens-fashion-denim-set-with-single-breasted-sling-top-straight-leg-pants-kids-girls-clothes-suit-4-13,סט ג'ינס אופנתי לבנות,,—
ruewey-3-months-to-3-years-baby-boy-pants-sets-spring-autumn-clothes-denim-long-sleeve-hoodie-with-elastic-waist-sweatpants,סט גי'נס מושלם דגם נחמן,,בגדי תינוקות | בגדי חורף | בגדי בנים
2023-new-winter-baby-boy-girl-thicken-pajamas-set-flannel-fleece-toddler-child-warm-catoon-sleepwear-kids-home-suit-0-5y,סט דובי פליז מחמם דגם נאור,,בגדי בנים | בגדי בנות | בגדי חורף
new-summer-shorts-for-baby-girls-featuring-a-bright-color-design-with-a-v-neck-one-sided-button-and-a-belt-perfect-for-casual-outings-for-outdoor,סט חגיגי לקיץ דגם שירה,,בגדי בנות | Summer 2025
2pcs-kids-sets-2022-summer-girl-clothes-children-hollow-lace-sleeveless-tops-shorts-set-fashion-baby-girl-cardigan-fake-two-suit,סט חגיגי לתינוקת,,בגדי תינוקות | בגדי בנות | Summer 2025
girls-cartoon-fantasy-creature-print-long-sleeve-top-and-cute-print-long-pants-set-polyester-casual-outfit-for-kids-spring-fall-stretch-knit-fabric-with-elastane-for-comfort-regular-fit-sizes-12-and-under-for-outdoor,סט חד קרן דגם לינוי,,בגדי תינוקות | בגדי בנות
2024-children-girls-seersucker-short-sleeved-t-shirt-denim-skirt-summer-ruffled-fishtail-jean-skirt-2-pcs-clothing-sets,סט חולצה וחצאית ג'ינס חגיגי,,בגדי תינוקות | בגדי בנות
2pcs-baby-girls-adorable-cat-graphic-long-sleeve-sweatshirt-and-jogger-pant-set-cute-warm-fleece-outfit,סט חתול קלאסי דגם אדל,,בגדי חורף | בגדי בנות
elinfant-5pcs-gift-set-bamboo-cotton-muslin-bib-burp-cloth-100-cotton-60-60cm-2-layers-baby-scarf-handkerchief,סט טטרה הדפס לתינוק,,לידה ואביזרים נלווים
סט-לב-גדול-דגם-שני,סט לב גדול דגם שני,,בגדי תינוקות | בגדי בנות | Summer 2025
2pcs-babys-polka-dots-heart-embroidery-ruffled-bodysuit-casual-pants-toddler-infant-girls-clothing-set,סט לב לבנות דגם נועה,,בגדי תינוקות | בגדי חורף | בגדי בנות
2024-new-girls-set-baby-summer-clothes-new-bow-top-shorts-2-piece-set-children-clothes-girl-kids-clothing,סט לילדה וינטג' - מורן,,Summer 2025 | בגדי בנות
newborn-baby-boy-clothes-solid-color-button-long-sleeve-romper-bodysuit-pants-set-infant-soft-fall-winter-outfit,סט מכנס וחולצה דגם הלל,,בגדי חורף | בגדי תינוקות | בגדי בנים | בגדי בנות
baby-color-block-plaid-2pcs-outfit-kids-casual-sweatshirt-pullover-top-trousers-set-for-fall-winter,סט מכנס וחולצה דובי דגם רפאל,,בגדי תינוקות | בגדי חורף | בגדי בנים
2pcs-toddler-boy-autumn-clothes-long-sleeve-round-neck-tops-with-pocket-pullover-and-stripe-trousers-tracksuit,סט מכנס וחולצה מהממים דגם דניאל,,בגדי חורף | בגדי בנים
3pcs-cute-elephant-butterfly-graphic-long-sleeve-triangle-romper-bow-pants-free-headband-set-baby-girls-lovely-casual-outfits-of-multicolor-options,סט מכנס וחולצה פרפר פיל דגם נויה,,בגדי תינוקות | בגדי בנות
newborn-baby-girls-boys-clothes-autumn-baby-sets-cartoon-koala-t-shirt-striped-pants-outfits-infant-clothing-6-12-18-24-months,סט מכנס וחולצה קואלה דגם ראם,,בגדי חורף | בגדי תינוקות | בגדי בנים
toddler-summer-feather-print-shirt-shorts-set-for-outdoor,סט מכנס וחולצה קיצי דגם גילי,,Summer 2025 | בגדי בנים
adorable-bear-themed-3pcs-outfit-for-youngsters-cozy-fleece-hoodie-sweatpants-vest-set-with-embroidered-detail-perfect-for-fall-winter,סט מתוק מפליז אם ווסט תואם דגם ראם,,בגדי בנים | בגדי תינוקות
2pcs-baby-boy-contrast-color-pant-sets-spring-autumn-clothes-long-sleeve-sweatshirt-tops-sets-baby-items-casual-daily-clothing,סט נוחות אליאב,,בגדי חורף | בגדי תינוקות
חליפת-דוב-סוודר-כותנה-דגם-דניאל,סט סוודר חורפי דניאל,,בגדי תינוקות | בגדי בנים | בגדי בנות | בגדי חורף
summer-baby-home-clothing-pajamas-cartoon-bear-print-long-sleeved-pants-set-kids-boys-girls-thin-two-piece-clothes-suit-outfits,סט פיג'מה ארוכה דובונים לחורף,,בגדי תינוקות | בגדי בנים | בגדי בנות
cartoon-pajamas-suits-childrens-baby-boys-girls-spring-autumn-sleepwear-home-clothes-cotton-autumn-long-trousers-kids-pijamas,סט פיג'מה ארוכה לילד,,בגדי תינוקות | בגדי בנות | בגדי בנים
girls-outfit-sets-summer-kids-casual-clothing-for-girls-fragmented-suspender-skirt-shorts-childrens-baby-girl-clothing,סט פרחוני וג'ינס לתינוקת,,בגדי תינוקות | בגדי בנות | Summer 2025
babys-vacation-style-flower-pattern-splicing-one-shoulder-romper-with-belt-toddler-infant-girls-bodysuit-for-summer-daily-outdoor-wear,סט פרחוני קיצי דגם לירון,,Summer 2025 | בגדי בנות
summer-navy-sister-brother-clothing-white-cotton-linen-fabric-with-bblack-ribbon-comfortable-breathable-daily-outfit-performance,סט פשתן קלאסי ואלגנטי לבנים ובנות,,בגדי תינוקות | בגדי בנים | בגדי בנות
spring-and-summer-fashionable-cute-vest-shorts-bodysuit-perfect-for-outdoor,סט קיצי אלגנטי דגם מיה,,בגדי בנות | Summer 2025
baby-girls-clothes-set-kids-cute-sweet-casual-short-sleeve-top-pant-outfit-sets-summer-children-comforts-sportswear-2-10years,סט קיצי לתינוקות וילדות,,בגדי תינוקות | בגדי בנות | Summer 2025
girls-boho-style-sleeveless-tassel-top-and-shorts-set-100-polyester-knit-fabric-solid-color-regular-fit-summer-outfit-for-kids-for-outdoor-perfect-for-outdoor-activities,סט קיצי משגע לבנות דגם בת אל,,בגדי בנות | Summer 2025
newborn-baby-boys-girl-fall-winter-clothes-ribbed-knitted-long-sleeve-romper-solid-long-pants-cotton-infant-outfits,סט רומפר מעבר דגם אורן,,בגדי חורף | בגדי בנים
1-2-3-4-5-years-summer-boys-clothing-set-tiger-pattern-t-shirt-grid-design-shorts-2pcs-suit-for-kids-casual-children-outfit,סט שיא הסטייל לבנים,,בגדי תינוקות | בגדי בנים
newborn-multi-piece-footed-romper-set-perfect-for-outdoor,סט של 3 אוברולים עונת מעבר דגם ישראל,,Summer 2025 | בגדי חורף | בגדי תינוקות
unicorn-print-childrens-baggy-footed-body-suit-two-pack-perfect-for-outdoor,סט שני חליפות חד קרן דגם אנה,,בגדי חורף | בגדי תינוקות | בגדי בנות
kiddiezoom-3-pcs-lot-autumn-winter-unisex-cartoon-long-sleeve-baby-boy-girl-romper-100-cotton-soft-newborn-jumpsuits-clothing,סטים 3 חליפות סגירה קלה דגם רוני,,בגדי חורף | בגדי תינוקות | בגדי בנות | בגדי בנים
2023-summer-newborn-infant-baby-girls-princess-bowknot-shoes-soft-sole-pu-cute-flats-sandals-shoes-fit-for-0-18m-crib-shoes,סנדל אופנתי פפיון לתינוקת,,נעליים
boys-sandals-summer-kids-shoes-fashion-light-soft-flats-toddler-baby-girls-sandals-infant-casual-beach-children-shoes-outdoor,סנדל פשוט לקיץ לתינוק,,נעליים
infant-baby-boys-girls-sandals-summer-baby-wedding-dress-flat-shoes-newborn-crib-shoes-first-walkers-prewalkers-shoes,סנדלי קיץ וינטג',,נעליים
infant-non-slip-first-walkers-footwear-0-18-months-baby-girls-sweet-flowers-sandals-summer-soft-sole-flat-princess-dress-shoes,סנדלים אופנתיים לתינוקות צעד ראשון,,נעליים
ckid-shoes-sneaker-shoe-boys-girls-baby-cartoon-canvas-sports-shoes-spring-autumn-children-board-shoes-with-leisure-new-fashion,סניקרס ארנבים לתינוקת,,נעליים
childrens-sneakers-boys-girls-soft-sole-non-slip-casual-student-running-shoes-baby-kids-school-sports-shoes-warm-cotton-shoes,סניקרס לתינוקות מונעות החלקה מבית בייבי מניה,,נעליים
cartoon-newborn-baby-clothes-boys-romper-long-sleeve-hooded-zipper-baby-girl-romper-spring-autumn-infant-clothing-3-18-months,סרבל ארנב לתינוק,,בגדי תינוקות | בגדי בנות | בגדי בנים
babys-cartoon-cross-pattern-gentleman-outfit-bowtie-bodysuit-hat-suspender-overall-pants-set-toddler-infant-boys-suit-for-formal-occasions-photography-birthday-party-weddings-outdoor-cloth,סרבל גנטלמן בייבי 3 חלקים דגם אליה,,בגדי בנים | בגדי חורף | בגדי תינוקות
2024-jumpsuit-baby-boy-bamboo-clothes-newborn-girl-casual-romper-for-infants-0-24-months-girls-birth-bodysuits-kid-overalls,סרבל ללא שרוולים לתינוק,,בגדי תינוקות | בגדי בנים | Summer 2025
3pcs-newborn-boys-long-sleeves-comfy-triangle-jumpsuit-with-bear-applique-plaid-suspender-pants-hat-set-comfy-trendy-outdoor-clothing-for-fall-and-winter,סרבל מעוצב אלגנטי דגם מאור,,בגדי בנים | בגדי תינוקות | בגדי חורף
2023-newborn-clothes-boys-corduroy-jumpsuit-autumn-winter-jumpsuits-girls-romper-casual-bib-pants-overalls-baby-kids-clothes,סרבל עבודה אופנתי לתינוק,,בגדי בנות | בגדי בנים
babys-clothes-summer-jumpsuit-outfit-solid-color-ruched-toddler-girl-casual-sleeveless-suspender-kids-rompers-headband-set,סרבל קיצי לתינוקות,,בגדי תינוקות | בגדי בנות | Summer 2025
babys-adorable-bear-print-cotton-ribbed-casual-long-sleeve-romper-toddler-infant-boys-bodysuit-hat-for-outdoor-activities,סריג דובי דגם אריאל,,בגדי חורף | בגדי בנים | בגדי תינוקות
summer-newborn-baby-romper-soild-color-baby-clothes-girl-rompers-cotton-short-sleeve-o-neck-infant-boys-romper-0-24-months,רומפר קייצי מבית בייבי מניה דגם דין,,Summer 2025 | בגדי בנים | בגדי תינוקות
100cm-ins-cartoons-mat-for-children-baby-play-mat-round-carpet-lion-playmat-newborn-photography-props-living-room-carpet,שטיח  אריה עגול לחדר התינוק,,עיצוב וטקסטיל לחדרי ילדים
soft-plush-childrens-mat-baby-play-mat-baby-toys-eva-foam-puzzle-carpet-in-childrens-room-keep-warm-playmat-30-30-1cm,שטיח פאזל קטיפתי לחדר התינוק,,עיצוב וטקסטיל לחדרי ילדים
girls-3pcs-spring-fall-outfit-set-comfy-long-sleeve-tops-with-geometric-pattern-machine-washable-perfect-for-outdoor,שלוש  סטים של עונת מעבר מבית בייבי מניה,,בגדי תינוקות | בגדי בנות | בגדי חורף
3pcs-newborn-babys-ruffle-decor-footed-onesie-comfy-long-sleeve-romper-toddler-infant-girls-bodysuit,שלוש חליפות בייבי  דגם אנה,,בגדי תינוקות | בגדי בנות
1-6y-baby-girls-party-ball-gown-princess-dress-children-sleeveless-bow-straps-mesh-tulle-tutu-a-line-dresses-kids-summer-clothes,שמלה אופנתית קלאסית לאירועים לתינוקת,,בגדי תינוקות | בגדי בנות
2pc-set-childrens-baby-girl-dress-color-blocking-broken-flowers-big-bow-princess-dress-headband-0-24-months-baby-fashion-dress,שמלה חגיגית פרחונית דגם מורן,,בגדי חורף | בגדי בנות
kids-summer-girls-8-12-years-old-dark-blue-yellow-striped-short-sleeved-dress-korean-fashion-classic-generous-dress,שמלה כחולה כהה אם דוגמא קלאסית דגם אוראל,,בגדי בנות | Summer 2025
שמלה-נסיכותית-מפתשן-וכותנה-מלאה-בסטייל-נועה,"שמלה נסיכותית מפתשן וכותנה, מלאה בסטייל - נועה",,Summer 2025 | בגדי תינוקות | בגדי בנות
bear-leader-jacquard-baby-girls-dresses-casual-ruffles-suspender-dress-kids-clothes-solid-color-boat-neck-a-line-princess-dress,שמלה קיצית עם מלמלה לבנות,,בגדי תינוקות | בגדי בנות
girls-princess-dress-slip-dress-cute-fruit-print-slip-dress-bow-baby-dress-girls-clothes-kids-dresses-for-girls-summer-dresss,שמלת אירועים אלגנטית לתינוקת,,בגדי תינוקות | בגדי בנות | Summer 2025
girls-flutter-sleeve-princess-dress-with-tie-childrens-clothing-solid-color-cotton-european-and-american-style-newstyle,שמלת בסגנון אמריקאי לבנות,,בגדי תינוקות | בגדי בנות | Summer 2025
4-7-years-girl-dress-summer-new-stripe-ruffled-sleeveless-v-neck-dress-cute-daily-casual-princess-dresses-for-baby-girl-wear,שמלת וי פסים דגם יהלי,,בגדי בנות | Summer 2025
שמלת-טוטו-נסיכותית-אלין,שמלת טוטו נסיכותית - אלין,,Summer 2025 | בגדי תינוקות | בגדי בנות
שמלת-כיווצים-קיצית-ענבל,שמלת כיווצים קיצית מכותנה - ענבל,,Summer 2025 | בגדי תינוקות | בגדי בנות
summer-baby-girl-dress-with-bowknot-striped-jumpsuit-cotton-dress-for-newborn-floral-clothes-baby-crawling-clothes,שמלת סרבל לתינוקת,,בגדי תינוקות | בגדי בנות | Summer 2025
spring-and-summer-girls-fashion-vacation-casual-solid-color-round-neck-flying-sleeve-dress-summer-clothing-small-satchel,שמלת פליסה דגם אוריה,,Summer 2025 | בגדי בנות
cozy-chic-girls-plush-lined-bowknot-collar-jacket-soft-warm-and-stylish-for-fall-winter-outings-casual-daily-wear-and-school-uniforms,שמלת פפיון חורפית דגם ארגמן,,בגדי חורף | בגדי בנות | בגדי תינוקות
summer-kids-dresses-for-girls-ruffle-sleeve-birthday-party-clothes-solid-color-sweet-princess-dress-children-holiday-wear-3-8yrs,שמלת פפיון כחולה דגם אביבה,,בגדי בנות | Summer 2025
new-summer-girls-suspender-dress-kids-print-dress-elegant-children-casual-clothes-chiffon-flower-tutu-princess-dresses-for-girls,שמלת פרחים מהאגדות דגם איילה,,Summer 2025 | בגדי בנות | בגדי תינוקות
menoea-toddler-dresses-2023-summer-style-children-floral-pattern-costume-girl-clothes-kids-dress-for-girls-casual-dresses,שמלת קיץ חגיגית עם מלמלה,,בגדי תינוקות | בגדי בנות
girls-blue-sequin-summer-dress-kids-evening-party-mesh-princess-costume-toddler-girl-holiday-casual-clothes-for-3-4-5-6-7-8-year,שמלת קיץ מיוחדת לבנות,,בגדי תינוקות | בגדי בנות
dress-for-kids-3-36-months-butterfly-sleeve-cute-floral-summer-princess-formal-dresses-ootd-for-newborn-baby-girl,שמלת קיץ פרחונית לתינוקות דגם אלין,,בגדי בנות | Summer 2025
summer-toddler-girl-dress-solid-cotton-sleeveless-children-dress-kids-sundress-slip-dress-fashion-girls-clothing,שמלת שמש לתינוקות וילדות,,בגדי תינוקות | Summer 2025 | בגדי בנות
girls-casual-dresses-one-line-shoulder-strap-patchwork-lace-dress-kids-clothes-girls-8-to-12-years-princess-dress-for-girls,שמלת תחרה כפלים דגם טליה,,Summer 2025 | בגדי בנות
autumn-new-girls-dress-long-sleeve-lantern-sleeve-bunny-decorated-lace-flower-print-fake-two-halter-girls-dress,שמלת תינוקות פרחונית דגם עדן,,בגדי בנות | בגדי חורף | בגדי תינוקות
babys-casual-leopard-pattern-ruffled-ribbed-long-sleeve-cotton-romper-toddler-infant-girls-bodysuit-hairband-for-spring-fall-outdoors,אוברול ירוק מנומר דגם אדל,,בגדי תינוקות | בגדי חורף | בגדי בנות
2-piece-set-baby-boy-long-sleeve-onesies-cute-cartoon-sloth-cactus-print-regular-fit-knit-rompers-with-matching-hats-polyester-for-autumn-winter-for-outdoor,אוברולים לתינוק דגם חן,,בגדי בנים | בגדי תינוקות
חליפה-מכנס-חולצה,חליפה מכנס חולצה,,בגדי תינוקות | בגדי בנים | בגדי בנות
chuan-ye-selective-products-boyss-childrens-suit-casual-harajuku-shirt-color-matching-cartoon-bear-pattern-autumn-and-winter-multi-piece-baby-clothes,חליפות מהממות דפוס דובי מתוק דגם דניאל,,בגדי חורף | בגדי בנים | בגדי תינוקות
2pcs-babys-cartoon-mouse-print-bodysuit-hat-casual-pants-toddler-infant-boys-clothing-set-for-spring-fall-outdoor-cloth,חליפת מיקי מאוס  דגם ישראל,,בגדי תינוקות | בגדי בנים
חליפת-פסים-ריף,חליפת פסים אלגנטית - ריף,,Summer 2025 | בגדי תינוקות | בגדי בנים
חליפת-פסים-פוטר-ריף,חליפת פסים ללא שרוולים - ריף,,Summer 2025 | בגדי תינוקות | Home page | בגדי בנים
winter-baby-beanie-cap-cartoon-bear-ear-protection-knitted-hat-for-toddler-boys-girls-cute-korean-warm-kids-crochet-hats-gorros,כובע דובי לחורף,,בגדי תינוקות | בגדי חורף
ear-stickers-for-baby-bath-baby-shower-ear-covers-60pcs-newborn-ear-protection-covers-for-bathing-showering-surfing,מדבקות אוזניים נגד מים לתינוק,,לידה ואביזרים נלווים
summer-baby-dolls-three-pack-soft-and-breathable-featuring-fun-and-cute-cartoon-patterns-with-minnie-mouse-prints-all-in-one-clothes-for-youngsters-for-outdoor,סט 3 חליפות מיקי דגם  מעיין,,בגדי בנות | Summer 2025
5pcs-cartoon-animal-sailor-pattern-short-sleeve-cotton-bodysuit-footed-jumpsuit-drool-bib-mittens-and-a-cap-for-baby-boys-outdoor-cloth,סט מיקי מאוס בנים דגם ליאו,,בגדי תינוקות | בגדי בנים | Summer 2025
cute-cartoon-mouse-themed-layette-set-for-baby-girls-knit-fabric-ensemble-with-ruffle-trim-onesie-footed-pants-and-3d-ears-hat-soft-polyester-blend-snap-button-closure-regular-fit-for-0-12-months-for-outdoor,סט מכנס וחולצה מיקי מאוס עם כובע תואם,,בגדי בנות | בגדי תינוקות
top-rated-adorable-3pcs-kids-romper-set-with-animal-prints-cozy-polyester-spandex-blend-machine-washable-perfect-for-outdoor,סט שלושה אוברולים אריה דגם שמר,,בגדי בנים | בגדי תינוקות
2pcs-newborn-babys-cartoon-swan-print-footed-bodysuit-casual-long-sleeve-romper-toddler-infant-girls-indoor-and-outdoor-onesie,סט שני חליפות ברבור דגם שנאל,,בגדי תינוקות | בגדי בנות
disney-white-casual-shoes-for-baby-boy-girl-brand-children-sneaker-mickey-mouse-kids-sports-shoes-toddler-walking-shoes-size-25,סניקרס לילדים דיסני,,נעליים
stitch-children-shoes-student-casual-plush-insulation-sneakers-girls-boys-youth-running-fashion-kids-sports-shoes-christmas-gift,סניקרס סטיץ' - רונה,,נעליים
babys-cartoon-mouse-pattern-warm-fuzzy-lining-casual-hooded-vest-warm-sleeveless-jacket-toddler-infant-girls-clothing,קפוצון אפוד לבנות דגם תהילה,,בגדי בנות | בגדי חורף | בגדי תינוקות
2pcs-baby-boys-bear-onesies-with-footies-cute-style-long-sleeve-snap-closure-comfortable-cotton-newborn-infant-outdoor-bodysuits,שני אוברולים דובי דגם ניתאי,,בגדי בנים | בגדי תינוקות
2pcs-cartoon-mouse-pattern-button-up-footed-jumpsuit-for-baby-boys-outdoors,שני אוברולים מיקי מאוס דגם אורי,,בגדי תינוקות | בגדי בנים
אוברול-בייבי-מניה-דגם-חן-מתנה,אוברול בייבי מניה דגם חן,blank,—
חזיית-הנקה-מליסה-copy,חזיית הנקה - מליסה מתנה,blank,Free
מגבת-עם-עם-כובע-חמוד-לתינוקות,מגבת עם עם כובע חמוד לתינוקות,blank,Free
cartoon-digital-thermometer-led-display-water-temperature-meter-safety-floating-toy-for-kids-baby-bath-thermometer,מדחום חיות לאמבטיה,blank,Free
מצלמה-איכותית-לילדים-copy,מתנה מצלמה איכותית לילדים,blank,Free
סט-מכנס-וחולצה-קיצי-דגם-גילי-מתנהcopy,סט Breeze™ – חולצה קצרה ומכנסי קיץ לפעוטות,blank,בגדי בנים | Summer 2025
baby-mania™-בובה-נושמת-מבית,BABY MANIA™  בובה  נושמת מבית,blank,—
חליפת-דובי-מלאה-בסטייל-דגם-מאור-מתנה,חליפת דובי  מלאה בסטייל דגם מאור  מתנה,blank,Free
חליפת-פיל-דגם-אימרי-מתנה-copy,חליפת פיל דגם אימרי מתנה (Copy),blank,בגדי בנות | בגדי בנים | בגדי חורף | בגדי תינוקות
כובע-בייסבול-דובוני-לתינוקות-מעוצב-ומהמם-עשוי-מכותנה-מתאים-לבנים-ולבנות-בגילאי-3-12-חודשים,"כובע בייסבול דובוני לתינוקות מעוצב ומהמם עשוי מכותנה, מתאים לבנים ולבנות בגילאי 3-12 חודשים",blank,—
כובע-כותנה-סטייל-פנמה-קייצי-לתינוקות-מתנה-copy,כובע כותנה סטייל פנמה קייצי לתינוקות מתנה,blank,Free
™easysleep-מערכת-שינה-חכמה-לתינוקות-לשינה-רגועה-ורציפה-מבית-babymania,™EasySleep פתרון שינה יעיל  שמחליף כמה מוצרים,easy-sleep,Home page | המיוחדים שלנו | לידה ואביזרים נלווים
30-cm-cute-teddy-bear-hide-and-seek-animated-stuffed-animal-talking-bear-shy-bear-best-birthday-gift-for,30 CM Cute Teddy Bear Hide and Seek Animated Stuffed Animal Talking Bear Shy Bear Best Birthday Gift for,general,—
babyz-בובת-לוטרה-נושמת,BABY MANIA™  בובה  נושמת מבית,general,Home page | המיוחדים שלנו | משחקים לתינוק
babyfree100,Babyfree100,general,—
baby-white-noise-machine-kids-sleep-sound-player-night-light-timer-noise-player-rechargeable-timed-shutdown-usb-sleep-machine,BabySleep Pro – רעש לבן ואור מרגיע לשינה עמוקה לתינוק,general,המיוחדים שלנו | לידה ואביזרים נלווים | מוצרי בטיחות
אוברול-דובונים-ליאור,אוברול דובונים מכותנה - ליאור,general,Summer 2025
אוברול-פשתן-נועה,אוברול כותנה קיצי - נועה,general,Summer 2025
2024-autumn-baby-romper-solid-color-bear-jumpsuit-cotton-spring-newborn-one-pieces-clothing-for-boys-girls-infant-onesie-0-18m,אוברול לתינוקות דגם סטייסי,general,—
אוברול-מתוק-מכותנה-מלאה-ללא-כתפיות-נויה,אוברול מתוק מכותנה מלאה ללא כתפיות - נויה,general,Summer 2025
אוברול-וינטג-קייגו,אוברול פשתן וכותנה וינטג׳ - קייגו,general,Summer 2025
אוברול-קיצי-מתוק-סטייל-קזואל-יואבי,אוברול קיצי מתוק סטייל קז'ואל - יואבי,general,Summer 2025
childrens-indoor-ice-cream-car-tent-toys-playhouse-princess-boy-baby-game-house-folding-ball-pool-house-hamburg-car-pattern,אוהל מיני לתינוק,general,משחקים לתינוק
real-time-temperature-silicone-baby-take-a-bath-bathtub-non-slip-foot-bath-bucket-folding-bathroom-with-temperature-sensing,אמבטיית תינוק עם מד טמפרטורה,general,לידה ואביזרים נלווים
בגד-גוף-כותנה-טטרה-פריחת-האביב,בגד גוף כותנה טטרה - פריחת האביב,general,Summer 2025
בגד-גוף-כיווצים-נטלי,בגד גוף כיווצים אלגנטי - נטלי,general,Summer 2025
בגד-גוף-מלמלות-קיטי,בגד גוף מלמלות - קיטי,general,Summer 2025
בגד-גוף-שמלה-גי-נס-הרפר,בגד גוף שמלה ג׳ינס מכותנה - הרפר,general,Summer 2025
בגד-ים-פרחוני-לייה,בגד ים פרחוני - לייה,general,Summer 2025
בגד-ים-שתיי-חלקים-מרין,בגד ים שני חלקים - יסמין,general,Summer 2025
בגד-ים-שתיי-חלקים-קוקומלון,בגד ים שני חלקים פרחוני - קוקומלון,general,Summer 2025
4-modes-baby-breathing-soothing-elephant-plush-doll-toy-sleeping-companion-music-and-light-doll-sensory-stuffed-toy-kids-gift,בובה נושמת פיל ועוד חיות מחמד,general,המיוחדים שלנו
babyz-בובת-הלו-קייטי-נושמת,בובת הלו קייטי נושמת,general,המיוחדים שלנו | מארזי מתנה | משחקים לתינוק
2024-new-hide-and-seek-elephant-plush-toy-baby-hide-and-seek-game-toy-singing-interactive-musical-toys-gifts,בובת פיל,general,משחקים לתינוק
babyz-בובת-קואלה-נושמת,בובת קואלה נושמת,general,Home page | המיוחדים שלנו | מארזי מתנה | משחקים לתינוק
babyz-בובת-קקטוס-רוקדת,בובת קקטוס רוקדת,general,משחקים לתינוק
bzdoll-55-cm-22-inch-reborn-dolls-realistic-full-silicone-baby-bebe-newborn-girl-doll-princess-toddler-toy-gift,בובת ריבורן אמיתית מבית בייבי מניה,general,—
50cm-realistic-finished-bebe-reborn-silicone-vinyl-cloth-body-doll-loulou-handmade-toy-for-girls-christmas-gift,בובת ריבורן אמיתית מבית בייבי מניה,general,מארזי מתנה | משחקים לתינוק | המיוחדים שלנו
npk-19inch-already-painted-finished-reborn-baby-doll-levi-awake-newborn-baby-size-3d-skin-visible-veins-collectible-art-doll,בובת ריבורן אמיתית מבית בייבי מניה,general,—
50cm-full-vinyl-body-girl-waterproof-reborn-doll-maddie-hand-detailed-painted-with-visible-veins-lifelike-3d-skin-tone-toy-gift,בובת ריבורן אמיתית מבית בייבי מניה,general,המיוחדים שלנו | מארזי מתנה
19-inches-levi-reborn-baby-realistic-vinyl-body-alive-lol-bebe-newborn-finished-hair-painted-doll-children-girls-gift-dolls,בובת ריבורן אמיתית – מגע מציאותי שמפתח רגישות ואהבה אצל ילדים מבית בייבי מניה,general,המיוחדים שלנו | מארזי מתנה | משחקים לתינוק
bzdoll-realistic-60cm-24inch-soft-silicone-reborn-baby-doll-with-3d-painting-skin-and-vascular-vein-handmade-girl-birthday-gift,בובת ריבורן אמיתת מבית בייבי מניה,general,המיוחדים שלנו | מארזי מתנה
baby-bathing-toy-kids-cute-duck-penguin-egg-water-spray-sprinkler-bathroom-sprinkling-shower-swimming-water-toys-for-kids-gift,ביצת ממטרה למים דגם ראם,general,המיוחדים שלנו | Home page | משחקים לתינוק
starry-sky-projector-led-night-light-astronaut-lamp-star-light-rotation-ceiling-lamp-decoration-for-bedroom-decor-gift,האסטרונאוט המרגיעה מבית בייבי מניה דגם דניאל,general,Home page | המיוחדים שלנו
high-quality-plus-size-nursing-bra-breathable-women-breastfeeding-underwear-seamless-maternity-bra-push-up,חזיית הנקה,general,לידה ואביזרים נלווים
חזיית-הנקה-מליסה-1,חזיית הנקה - מליסה,general,לידה ואביזרים נלווים
new-large-size-front-button-underwear-sexy-push-up-thin-cup-button-undershirt-type-middle-aged-mother-bras-ropa-de-mujer-sutyen,חזיית הנקה לאמהות,general,לידה ואביזרים נלווים
חזית-הנקה-דניאלה,חזית הנקה - דניאלה,general,לידה ואביזרים נלווים
חזית-הנקה-2-יחידות-עדן,חזית הנקה 2 יחידות - עדן,general,לידה ואביזרים נלווים
חזית-הנקה-לשאיב-רונה,חזית הנקה לשאיב - רונה,general,לידה ואביזרים נלווים
2pcs-babys-little-brother-print-color-clash-sweatshirt-casual-pants-toddler-infant-boys-clothing-set,חליפה לבנים דגם אימרי,general,—
חליפת-כותנה-פרחונית-מאיה,חליפה מסוגננת פרחונית - מיקה,general,Summer 2025
חליפת-אוברול-קיצית-נושמת-ונעימה-גיא,חליפת אוברול קיצית נושמת ונעימה - גיא,general,Summer 2025
חליפת-גופייה-פרחונית-מאיה,חליפת גופייה פרחונית - מאיה,general,Summer 2025
חליפת-גופייה-קיצית-מאור,חליפת גופייה קיצית - מאור,general,Summer 2025
חליפת-כותנה-אורגנית-בילי,חליפת כותנה אורגנית - בילי,general,Summer 2025
חליפת-פשתן-בייבילו,חליפת כותנה ופשתן - בייבילו,general,Summer 2025
חליפת-כותנה-משובצת-נטע,חליפת כותנה משובצת - נטע,general,Summer 2025
חליפת-כותנה-סרוגה-בייסיק-אדריאן,חליפת כותנה סרוגה בייסיק - אדריאן,general,Summer 2025
חליפת-כותנה-קזואל-מאורי-1,חליפת כותנה קז'ואל - מאורי,general,Summer 2025
חליפת-מלמלות-טטרה-אלכסה,חליפת מלמלות טטרה- אלכסה,general,Summer 2025
חליפת-פשתן-מלמלות-מיילי,חליפת מלמלות מכותנה ופשתן - מיילי,general,Summer 2025
newborn-baby-boys-cartoon-lion-print-long-sleeve-crew-neck-jumpsuit-matching-pants-comfy-casual-style-2pcs-outfits,חליפת מתוקה הדפס אריהדגם שמר,general,—
חליפת-פפיון-קיצית-קרן,חליפת פפיון קיצית - קרן,general,Summer 2025
חליפת-פשתן-מלמלות-קיילי,חליפת פשתן מלמלות - קיילי,general,Summer 2025
3pcs-4pcs-baby-formula-milk-storage-infant-toddler-portable-milk-powder-box-dispenser-food-container-kids-food-storage-snack-box,יחידת קומות לאחסון אבקת פורמולה,general,לידה ואביזרים נלווים
כובע-בייסבול-דובוני-לתינוקות-מעוצב-ומהמם-עשוי-מכותנה-מתאים-לבנים-ולבנות-בגילאי-3-12-חודשים-כובע-בייסבול-דמוי-דובון-לתינוקות-קיץ-ואביב-מעוצב-ומהמם-עשוי-מכותנה-מתאים-לבנים-ולבנות-בגילאי-3-12-חודשים,"כובע בייסבול דובוני לתינוקות מעוצב ומהמם עשוי מכותנה, מתאים לבנים ולבנות בגילאי 3-12 חודשים",general,Summer 2025 | המיוחדים שלנו
כובע-כותנה-סטייל-פנמה-קייצי-לתינוקות,כובע כותנה סטייל פנמה קייצי לתינוקות,general,—
כובע-דובי-לחורף,כובע צמר מתנה,general,—
כובע-קייצי-רך-ונעים-מכותנה-מתאים-לתנוקות-בגילאי-0-12-חודשים,כובע קייצי רך ונעים מכותנה מתאים לתנוקות בגילאי 0-12 חודשים,general,Summer 2025 | המיוחדים שלנו
baby-bather-baby-bath-support-for-bathtub-infant-bathtub-shower-seat-with-drain-holes-temperature-sensing-for-newborn-babies,כיסא אמבטיה מתקדם לתינוק,general,לידה ואביזרים נלווים
כפכף-פרווה-אוסטרלי-עדידוש,כפכף פרווה אוסטרלי עדידוש,general,נעליים
newborn-adjustable-bathtub-pillow-seat-cushion-cross-shaped-anti-slip-baby-bath-net-mat-children-bathtub-shower-cradle-bed-seat,כרית בטיחות מונעת החלקה,general,מוצרי בטיחות
baby-shower-bath-tub-pad-non-slip-bathtub-mat-newborn-safety-security-bath-support-cushion-animal-soft-pillow-care-accessories,כרית בטיחותית לאמבטיה,general,מוצרי בטיחות
כרית-הנקה-מוריה,כרית הנקה - מוריה,general,לידה ואביזרים נלווים
כרית-חימום-לכאבי-מחזור-מיאל,כרית חימום לכאבי מחזור מבית בייבי מאניה -דגם מיאל,general,המיוחדים שלנו | לידה ואביזרים נלווים
macrame-dream-catcher-with-lights-boho-home-decor-moon-ramadan-decoration-macrame-wall-hanging-baby-nordic-room-decoration,לוכד חלומות לחדר התינוק,general,עיצוב וטקסטיל לחדרי ילדים
מארז-מתנה-לתינוק,מארז  לידה  לתינוק,general,מארזי מתנה
happyflute-new-print-5pcs-set-60-60cm-soft-muslin-swaddle-feeding-burp-cloth-newborn-pure-cotton-baby-face-hand-wash-wipe,מארז טטרה מיוחד לתינוקות,general,לידה ואביזרים נלווים
3-in-1-baby-bottle-brush-set-lone-handle-silicone-bottle-and-teat-cleaning-brush-with-stand-portable-straw-cleaner-brush,מברשות לניקוי הבקבוקים,general,לידה ואביזרים נלווים
cartoon-animal-baby-bath-towels-soft-newborn-hooded-towel-blanket-toddler-bathrobe-warm-sleeping-swaddle-wrap-for-boys-girls,מגבת עם עם כובע חמוד לתינוקות,general,לידה ואביזרים נלווים
מגפון-פרווה-אוסטרלי-שירוש,מגפון פרווה אוסטרלי- שירוש,general,נעליים
kids-boots-for-girls-winter-warm-shoes-for-children-fur-boots-chelsea-ankle-girls-toddlers-platform-booties-pink-purple-black,מגפי חורף לילדות דגם לין,general,נעליים
childrens-fashion-boots-black-low-lightweight-boys-girls-toddler-shoes-0-8-years-old-soft-bottom-non-slip-kids-baby-boots-shoes,מגפי חורף נוצצים עם כוכבים,general,נעליים
winter-snow-baby-boots-newborn-warm-booties-soft-sole-first-walkers-shoes-for-baby-girls-boys-infant-shoes-toddler-0-18months,מגפי חורף צעד ראשון,general,נעליים
מגפון-פפיון-אלין,"מגפי פרמיום לבנות – חורף חם, נוח ואלגנטי דגם אלין",general,נעליים
מוצר-כללי,מוצר כללי,general,—
מנורת-לילה-להירדמות-מהירה-לתינוק,מנורת לילה להירדמות מהירה לתינוק,general,Home page | עיצוב וטקסטיל לחדרי ילדים | המיוחדים שלנו
מסיכת-שינה-חכמה,מסיכת שינה חכמה דגם ישראל,general,המיוחדים שלנו
baby-swimming-ring-with-canopy-inflatable-baby-float-swimming-pool-children-accessories-bath-round-summer-toy,מצוף שחייה לתינוקות עם גגון וחגורות ורצועה – דגם משה,general,המיוחדים שלנו | משחקים לתינוק | מוצרי בטיחות
x2-children-camera-hd-mini-digital-kids-camera-can-take-pictures-video-small-camera-photography-children-birthday-gift-kids-toys,מצלמה איכותית לילדים,general,Home page | המיוחדים שלנו
babyz-מצלמה-לאבטחת-הבייבי-מחודש,מצלמה לאבטחת הבייבי,general,מוצרי בטיחות
children-camera-mini-instant-print-digital-camera-32g-tf-card-inkless-printing-paper-kids-video-educational-toys-for-kids-gift,מצלמת הדפסה דיגיטלית לילדים מבית בייבי מניה,general,Home page | המיוחדים שלנו | מארזי מתנה | משחקים לתינוק
kids-camera-toys-2-inch-ips-screen-digital-cameras-photography-selfie-with-32gb-card-educational-game-for-girl-boy-birthday-gift,מצלמת ילדים מבית בייבי מניה,general,המיוחדים שלנו | משחקים לתינוק
wearable-breast-pump-mother-and-baby-supplies-breast-pump-breast-milk-milking-and-milking-machine-fully-automatic-breast-pump,משאבת חלב לאם התינוק,general,לידה ואביזרים נלווים
childrens-sunglasses-with-heart-frames-uv-protection-girls-and-boys-sun-glasses-for-sports,משקפי שמש לבבות דגם אנאל,general,המיוחדים שלנו
cute-cartoon-bowknot-sunglasses-girls-kids-children-sunshade-glasses-for-climbing-outdoor-sports,משקפי שמש לילדות מתנה,general,Free
kids-heart-sunglasses-cartoon-eyewear-vintage-heart-shaped-for-boys-girls-3-9-years-toddler-sunglasses-outdoor-children-glasses,משקפי שמש לילדים מבית בייבי מניה,general,המיוחדים שלנו
new-fashion-girlss-quare-sunglasses-vintage-baby-childrens-korean-sunglasses-boys-folding-uv-resistant-outdoor-sunglasses,משקפי שמש מגניבות,general,—
colorful-folding-sunglasses-outdoor-kids-sunglasses-boys-girls-brand-design-square-glasses-children-eyewear-protection-uv400,משקפי שמש צבעוניים מתקפלים,general,Home page | המיוחדים שלנו
car-seat-infant-baby-spiral-activity-hanging-toys-stroller-bar-crib-bassinet-mobile-with-mirror-bb-squeaker-and-rattles,מתקן משחק ספירלה,general,משחקים לתינוק
2023-winter-snow-baby-boots-multiple-colors-warm-fluff-balls-indoor-colloidal-particle-sole-infant-newborn-toddler-baby-shoes,נעל חורף מחממת ואלגנטית צעד ראשון,general,נעליים
autumn-winter-baby-boots-kids-girl-boys-winter-warm-shoes-solid-fashion-toddler-fuzzy-balls-first-walkers-kid-shoes-0-18m,נעל חורף צעד ראשון אופנתיות,general,נעליים
סנדל-אופנתי-נח-מונע-החלקה-רוני,נעל סנדל צעד ראשון מונעת החלקה – גמישה בטוחה ונוחה לתינוק דגם רוני,general,נעליים
baby-boy-shoes-new-pu-leather-casual-sneakers-anti-slip-infant-sport-first-walkers-christening,נעל צעד ראשון אלגנטית לבנים,general,נעליים
נעלי-בובה-פרפר-נגד-החלקה-נויה,"נעלי בובה נסיכותיות דגם פרפר, נגד החלקה - נויה",general,נעליים
disney-girls-casual-shoes-led-lights-mesh-breathable-childrens-sports-princess-elsa-pink-purple-shoes-sneakers-size-22-35,נעלי דיסני אלזה עם מנורות לד – נעליים מוארות לבנות בעיצוב אלזה,general,נעליים
winter-kids-shoes-boys-non-slip-sport-shoes-outdoor-snow-ankle-boots-waterproof-warm-sneakers-child-high-top-cotton-casual-shoes,נעלי חורף לילדים – חימום מושלם בכל צעד,general,נעליים
no-tie-knob-parent-child-daddy-shoes-womens-new-autumn-thick-soled-running-childrens-sports-casual-shoes-for-girls-and-boys,נעלי ילדים מונעות החלקה – סגירה חכמה ללא שרוכים,general,נעליים
children-shoes-girl-shoes-kids-sneakers-pu-leather-sports-tennis-baby-boy-shoes-school-running-casual-sneaker-walking-shoe,נעלי ילדים נסגרות בקלות דגם סתיו,general,נעליים | Home page
spring-autumn-brand-children-sports-shoes-boys-girls-non-slip-outdoor-fashion-sneakers-kids-casual-running-shoes,נעלי ילדים עם סגירה חכמה,general,נעליים
1-4t-baby-sandals-summer-breathable-air-mesh-unisex-kids-casual-shoes-anti-slip-soft-sole-first-walkers-infant-lightweight-shoes-1,נעלי מים לילדים מונעות החלקה,general,נעליים
childrens-barbie-flash-shoes-led-luminous-sneakers-casual-sports-soft-soled-walking-shoes-for-boys-and-girls-size-21-30,נעלי סניקרס כוכבים  מדליקות אורות דגם שירה,general,נעליים
נעלי-סניקרס-נוחות-יוני,נעלי סניקרס נוחות - יוני,general,נעליים
citgeett-infant-baby-boys-girls-sneakers-contrast-color-stripe-pu-leather-anti-slip-sole-prewalker-first-walker-shoes,נעלי סניקרס צעד ראשון,general,נעליים
נעלי-ספורט-זוהרות-בסגנון-גרביים-רכות-ונוחות-בסטייל-לידור,"נעלי ספורט זוהרות בסגנון גרביים, רכות ונוחות בסטייל  - לידור",general,—
disney-childrens-led-light-shoes-fashion-design-spiderman-boys-sneakers-girls-cartoon-casual-shoes-breathable-kids-sport-shoes,נעלי ספיידרמן עם אורות דגם ארז,general,נעליים
childrens-sandals-summer-casual-eva-lightweight-outdoor-handmade-diy-baby-shoes-anti-slip-thick-sole-beach-slides-garden-shoes,נעלי קרוקס לתינוק,general,נעליים
soft-bottom-baby-cotton-shoes-autumn-winter-new-arrival-two-cotton-sports-shoes-toddler-walking-non-slip-anti-peel,נעליים מונעות החלקה צעד ראשון דגם אליאב,general,נעליים | Home page
סט-לתינוק-עד-3-חודשים-מארז-מתנה-מפנק,סט לתינוק עד 3 חודשים - מארז מתנה מפנק,general,מארזי מתנה
סט-מלא-לתינוקות-קופסת-מתנה,סט מלא לתינוקות - קופסת מתנה,general,מארזי מתנה
סט-שמיכות-עטיפה-פרחוני,סט שמיכות עטיפה פרחוני,general,שמיכות עיטוף ושקי שינה
סנדל-אלגנטי-מאיה,סנדל אלגנטי - מאיה,general,נעליים
סנדל-בובה-אלגנטי-בשילוב-פפיון-נועה-✨,סנדל בובה אלגנטי בשילוב פפיון - נועה ✨,general,נעליים
סנדל-בוהו-מעוצב-אוריוש,סנדל בוהו מעוצב- אוריוש,general,נעליים
סנדל-גומי-איזי,סנדל גומי- איזי,general,נעליים
סנדל-הליכה-נוח-חיוכי,סנדל הליכה נוח - חיוכי,general,נעליים
סנדל-מלא-בסטייל-מונע-החלקה-מתאים-לחוף-גיאצו,סנדל מלא בסטייל מונע החלקה מתאים לחוף - גיאצ'ו,general,Summer 2025 | נעליים
סנדל-נסיכותי-בשילוב-פנינים-ליאן,סנדל נסיכותי בשילוב פנינים - ליאן,general,Summer 2025 | נעליים
סנדל-פסטל-מעוצב-מדריד,סנדל פסטל מעוצב- מדריד,general,נעליים
korean-style-summer-sandals-for-girls-luxury-pearl-flower-childrens-beach-shoes-ergonomics-soft-soled-kids-girls-sandals-1,סנדל פרחוני מעוצב דגם אלין,general,—
סנדל-קטיפתי-קורל,סנדל קטיפתי - קורל,general,נעליים
סנדל-רצועות-נוח-מיכאלה-1,סנדל רצועות נוח- מיכאלה,general,נעליים
סנדלי-גלדיאטור-שרונה,סנדלי גלדיאטור- שרונה,general,נעליים
סנדלי-פנינים-יוקרתיות-סנדרה,סנדלי פנינים יוקרתיות - סנדרה,general,—
סנדלי-פפיון-יוקרתיות-בשילוב-פנינים-לוראן,סנדלי פפיון יוקרתיות בשילוב פנינים - לוראן,general,נעליים
korean-style-summer-sandals-for-girls-luxury-pearl-flower-childrens-beach-shoes-ergonomics-soft-soled-kids-girls-sandals,סנדלי קיץ פירחוניות דגם שלו,general,נעליים
girls-fashion-breathable-board-sports-shoes-boys-flat-casual-shoe-kids-leather-soft-soled-non-slip-sneakers-childrens-shoes,סניקרס חלקות קלאסיות לבנות,general,נעליים
children-luminous-sneakers-kids-sport-shoes-with-lights-boys-girls-glowing-shoes-casual-toddler-fashion-led-sneakers-size-21-30,סניקרס מהממות לבנים דגם ישראל,general,נעליים
סניקרס-סטייל-גולדן,סניקרס סטייל- גולדן,general,נעליים
סניקרס-קלאסיות-דיויד,סניקרס קלאסיות- דיויד,general,נעליים
סניקרס-אנג-לינו,סניקרס- אנג׳לינו,general,נעליים
babyz-ספינר-מחודש,ספינר,general,משחקים לתינוק
3pcs-set-baby-bath-toys-funny-bathing-sucker-spinner-suction-cup-cartoon-rattles-fidget-educational-toys-for-children-boys-gift,ספינר לתינקות 3 חלקים,general,משחקים לתינוק
makersland-cute-popcorn-beads-bracelet-friendship-glass-bracelets-for-girls-star-moon-cloud-flower-jewelry-accessories-wholesale,צמידים חרוזים לילדות דגם נאיה,general,המיוחדים שלנו
baby-toys-0-12-months-rotating-rattle-ball-grasping-activity-baby-development-toy-silicone-teether-sensory-toys-for-babies-gifts,צעצועי נשכנים לתינוק מבית בייבי מניה,general,משחקים לתינוק
babyz-קופסת-משחק-מחודש,קופסת משחק מחודש,general,משחקים לתינוק
3in1-corset-postpartum-belly-band-pregnant-women-tummy-belly-pelvis-belt-wrap-waist-trainer-recovery-bandage-strap-body-shaper,רצועת בטן לאחר לידה,general,לידה ואביזרים נלווים
pregnant-women-support-belly-band-back-clothes-belt-adjustable-waist-care-maternity-abdomen-brace-protector-pregnancy,רצועת תמיכה לבטן,general,לידה ואביזרים נלווים
10pcs-folding-toilet-portable-child-travel-potty-for-adults-portable-potty-baby-childrens-potty-urinal-stool-easy-to-clean,שירותים ניידים לילדים מבית בייבי מניה,general,המיוחדים שלנו | משחקים לתינוק | מוצרי בטיחות
baby-winter-blanket-for-new-born-newborn-swaddle-stroller-infant-diaper-throw-blanket-fleece-bedding-baby-accessories-bedspread,שמיכה חורף לתינוק,general,שמיכות עיטוף ושקי שינה
שמלת-ורדים-חגיגית-אלגנטית-מלאה-בסטייל-קיילי,שמלת ורדים חגיגית אלגנטית מלאה בסטייל - קיילי,general,Summer 2025
שמלת-בגד-גוף-חגיגית-אוריין,שמלת טול חגיגית - אוריאן,general,Summer 2025
שמלת-כותנה-חגיגית-אלין,שמלת כותנה חגיגית - אלין,general,Summer 2025
שמלת-כותנה-קיצית-עם-טקסטורה-יעל,שמלת כותנה קיצית עם טקסטורה - יעל,general,Summer 2025
שמלת-מלמלות-מתוקה-מבד-איכותי-לין,שמלת מלמלות מתוקה מכותנה - לין,general,Summer 2025
שמלת-סטרפלס-סטייל-קזואל-ליאל,שמלת סטרפלס סטייל קז'ואל - ליאל,general,Summer 2025
שמלת-ערב-נסיכותית-רצל,שמלת ערב נסיכותית - רצ'ל,general,Summer 2025
שמלת-פפיון-אחורי-קלאסית-לוראן,שמלת פפיון אחורי קלאסית - לוראן,general,Summer 2025
שמלת-פפיון-אלגנטית-קלאסית-לין,שמלת פפיון אלגנטית קלאסית - לין,general,Summer 2025
childrens-smart-watch-sos-phone-watch-smartwatch-camera-with-sim-card-waterproof-kids-gift-for-ios-android,שעון חכם לילדים דגם זוהר,general,Home page | המיוחדים שלנו | מוצרי בטיחות
שק-שינה-פילונים,שק שינה - פילונים,general,שמיכות עיטוף ושקי שינה
soboba-2023-new-diaper-bags-for-mother-waterproof-large-capacity-solid-polyester-diaper-backpacks-travel-bag-for-newborn-baby,תיק החתלה אופנתי - דגם רותם,general,תיקי החתלה
תיק-החתלה-עם-כבל-טעינה-דגם-אודיה,תיק החתלה עם כבל טעינה  - דגם אודיה,general,תיקי החתלה
1-4t-baby-sandals-summer-breathable-air-mesh-unisex-kids-casual-shoes-anti-slip-soft-sole-first-walkers-infant-lightweight-shoes,1-4T Baby Sandals Summer Breathable Air Mesh Unisex Kids Casual Shoes Anti-Slip Soft Sole First Walkers Infant Lightweight Shoes,general,—
autumn-new-newborn-girls-long-sleeve-dress-cartoon-fragmented-flower-lapel-baby-princess-dress-flower-strap-dress,Autumn New Newborn Girls Long Sleeve Dress Cartoon Fragmented Flower Lapel Baby Princess Dress Flower Strap Dress,general,—
חליפה-מנומר-עם-פפיון-דגם-נמרה-מתנה,Leona Luxe™ – חליפת מנומר פרימיום לתינוקות,general,—
חבילת-לידה-gold,חבילת לידה GOLD,general,—
חבילת-לידה-platinum,חבילת לידה Platinum,general,—
חבילת-לידה-silver,חבילת לידה SILVER,general,—
2pcs-wooden-baby-hair-brush-comb-soft-baby-bath-brush-clean-hair-body-gentlely-baby-protect-shower-baby-wash-care-tool,מארז 2 מברשות לשיער התינוק,general,לידה ואביזרים נלווים
מסיכת-שינה-חכמה-מבית-בייבי-מניה,מסיכת שינה חכמה מבית בייבי מניה,general,Home page
מצעים-לתינוק-דובי,מצעים לתינוק - דובי,general,עיצוב וטקסטיל לחדרי ילדים
disney-cute-cartoon-mickey-mouse-autumn-winter-thin-plush-baby-warm-walking-shoes-soft-soled-sports-shoes-baby-white-shoes,נעל ספורט צעד ראשון מיקי מאוס,general,נעליים
disney-led-casual-sneakers-red-black-for-spring-boys-spiderman-mesh-outdoor-shoes-children-lighted-non-slip-shoes-size-21-30,נעלי  ספיידרמן  מעוצבות עם אורות,general,נעליים
kids-led-lighting-shoes-boy-lighting-shoes-girls-running-shoes-baby-single-sneakers-mesh-size-21-36,נעלי אורות ספיידרמן בנים דגם ניתאי,general,נעליים
נעלי-בובה-פפיון-אלגנטיות-קייסי,נעלי בובה פפיון אלגנטיות - קייסי,general,נעליים
disney-spring-kids-glowing-sneakers-new-minnie-mickey-boys-sports-led-children-shoes-chaussure-enfant-girls-shoes-with-led-light,נעלי דיסני זוהרים דגם אורי,general,נעליים
2024-disney-childrens-led-light-shoes-fashion-mickey-mouse-boys-sneakers-girls-cartton-casual-shoes-breathable-kids-sport-shoes,נעלי דיסני עם אורות מבית בייבי מניה,general,נעליים | המיוחדים שלנו
disney-spider-man-childrens-shoes-boys-sneakers-spring-autumn-cartoon-fashion-kids-lighted-sports-shoes-child-boy-led-sneaker,נעלי ספיידרמן עם אורות דגם לביא,general,נעליים
pokemon-pikachu-baby-shoes-cute-cartoon-baby-non-slip-casual-shoes-boys-girls-toddler-shoes-sneakers-kids-outdoor-shoes-toys,סניקרס דמויות מונעות החלקה,general,נעליים
סניקרס-זוהרים-דנה,סניקרס זוהרים- דנה,general,נעליים
disney-childrens-canvas-shoes-spiderman-boys-sneakers-anti-slip-student-shoes-kids-soft-bottom-outdoor-shoes-sport-shoes,סניקרס קלאסיות ספיידרמן,general,נעליים
led-display-household-water-shower-thermometer-5-85-flow-self-powered-water-thermometer-monitoring-baby-care-energy-smart-meter,Tempio™ — מדחום חכם למקלחת בטוחה,tempio,Home page | המיוחדים שלנו | לידה ואביזרים נלווים
tempio™-מדחום-חכם-למקלחת-בטוחה-copy,Tempio™ — מדחום חכם למקלחת בטוחה (Copy),tempio,Home page | המיוחדים שלנו | לידה ואביזרים נלווים
test-copy-alure™-baby,[TEST COPY] Alure™ Baby,test,—
test-copy-lino™-סט-סריג-רך-לתינוקות-בעיצוב-אירופאי,[TEST COPY] Lino™ – סט סריג רך לתינוקות בעיצוב אירופאי,test,—
